from_port_id,to_port_id,distance_km,time_hours,operator,frequency_per_week
八戸,七尾,426,21.3,Unknown,3
姫川,七尾,46.8,2.3,Unknown,3
津久見,七尾,543.4,27.2,Unknown,3
八戸,長浜,130,6.5,Unknown,3
尻屋岬,長浜,75,3.8,Unknown,3
博多,三島川之江,192,9.6,Unknown,3
大阪,三島川之江,111,5.6,Unknown,3
佐世保,三島川之江,260,13,Unknown,3
宇部,三島川之江,133,6.7,Unknown,3
東予,三島川之江,15,0.8,Unknown,3
清水,三島川之江,328,16.4,Unknown,3
十勝,三池,956,47.8,Unknown,3
徳山下松,三池,225,11.3,Unknown,3
鹿島,三池,794.5,39.7,Unknown,3
四日市,三河,39.6,2,Unknown,3
苅田,三河,409,20.5,Unknown,3
鹿島,三河,261,13.1,Unknown,3
東播磨,三田尻中関,217,10.9,Unknown,3
津久見,三田尻中関,65,3.3,Unknown,3
堺泉北,徳山下松,187,9.4,Unknown,3
津久見,徳山下松,59,3,Unknown,3
福山,徳山下松,103,5.2,Unknown,3
釜石,徳山下松,794,39.7,Unknown,3
赤穂,和歌山下津,55,2.8,Unknown,3
須崎,和歌山下津,128,6.4,Unknown,3
阪南,下関,251,12.6,Unknown,3
水島,下関,158,7.9,Unknown,3
福山,下関,148,7.4,Unknown,3
鹿島,下関,614,30.7,Unknown,3
志布志,中城湾,364.9,18.2,Unknown,3
神戸,中城湾,632,31.6,Unknown,3
八代,中城湾,411.8,20.6,Unknown,3
千葉,中城湾,880.3,44,Unknown,3
大分,中城湾,506.5,25.3,Unknown,3
清水,中城湾,795.7,39.8,Unknown,3
津久見,中津,60,3,Unknown,3
大分,丸亀,130,6.5,Unknown,3
大阪,丸亀,89,4.5,Unknown,3
宇部,丸亀,149,7.5,Unknown,3
水島,丸亀,14,0.7,Unknown,3
苅田,丸亀,158,7.9,Unknown,3
赤穂,丸亀,44,2.2,Unknown,3
衣浦,久慈,520,26,Unknown,3
千葉,今治,461.9,23.1,Unknown,3
堺泉北,今治,131,6.6,Unknown,3
大分,今治,92,4.6,Unknown,3
岩国,今治,50,2.5,Unknown,3
水島,今治,50.5,2.5,Unknown,3
清水,今治,346,17.3,Unknown,3
福山,今治,34.8,1.7,Unknown,3
竹原,今治,20,1,Unknown,3
衣浦,今治,310.9,15.5,Unknown,3
八戸,仙台塩釜,178,8.9,Unknown,3
千葉,仙台塩釜,260,13,Unknown,3
名古屋,仙台塩釜,412,20.6,Unknown,3
和歌山下津,仙台塩釜,499.7,25,Unknown,3
四日市,仙台塩釜,408.4,20.4,Unknown,3
坂出,仙台塩釜,588.1,29.4,Unknown,3
大船渡,仙台塩釜,74,3.7,Unknown,3
大阪,仙台塩釜,569,28.5,Unknown,3
姫路,仙台塩釜,577.4,28.9,Unknown,3
室蘭,仙台塩釜,292.3,14.6,Unknown,3
小名浜,仙台塩釜,86,4.3,Unknown,3
川崎,仙台塩釜,277,13.9,Unknown,3
徳山下松,仙台塩釜,700,35,Unknown,3
横浜,仙台塩釜,263,13.2,Unknown,3
清水,仙台塩釜,291,14.6,Unknown,3
相馬,仙台塩釜,28,1.4,Unknown,3
神戸,仙台塩釜,566,28.3,Unknown,3
福山,仙台塩釜,609,30.5,Unknown,3
細島,仙台塩釜,680,34,Unknown,3
苅田,仙台塩釜,745,37.3,Unknown,3
衣浦,仙台塩釜,400.3,20,Unknown,3
須崎,仙台塩釜,586,29.3,Unknown,3
鹿島,仙台塩釜,137,6.9,Unknown,3
和歌山下津,伊万里,346,17.3,Unknown,3
境,伊万里,88.7,4.4,Unknown,3
広島,伊万里,194.5,9.7,Unknown,3
徳山下松,伊万里,136.2,6.8,Unknown,3
福山,伊万里,240.9,12,Unknown,3
細島,伊万里,219,11,Unknown,3
苅田,伊万里,110.5,5.5,Unknown,3
衣浦,伊万里,480,24,Unknown,3
赤穂,伊万里,302.3,15.1,Unknown,3
須崎,伊万里,270,13.5,Unknown,3
徳山下松,伏木富山,499,25,Unknown,3
八代,佐世保,84,4.2,Unknown,3
千葉,佐世保,668.5,33.4,Unknown,3
博多,佐世保,68,3.4,Unknown,3
名古屋,佐世保,526.7,26.3,Unknown,3
大分,佐世保,209.5,10.5,Unknown,3
志布志,佐世保,184,9.2,Unknown,3
清水,佐世保,575,28.8,Unknown,3
神戸,佐世保,353.8,17.7,Unknown,3
苅田,佐世保,125,6.3,Unknown,3
衣浦,佐世保,527.8,26.4,Unknown,3
東播磨,佐伯,194,9.7,Unknown,3
水島,佐伯,146,7.3,Unknown,3
津久見,佐伯,22,1.1,Unknown,3
福山,佐伯,118.8,5.9,Unknown,3
大阪,佐賀関,212,10.6,Unknown,3
徳山下松,八代,246,12.3,Unknown,3
十勝,八代,1055.5,52.8,Unknown,3
博多,八代,154.5,7.7,Unknown,3
名古屋,八代,565,28.3,Unknown,3
坂出,八代,377,18.9,Unknown,3
境,八代,207.4,10.4,Unknown,3
大阪,八代,430.4,21.5,Unknown,3
姫川,八代,621,31.1,Unknown,3
宇部,八代,231.9,11.6,Unknown,3
宮津,八代,455,22.8,Unknown,3
志布志,八代,160,8,Unknown,3
松浦,八代,106,5.3,Unknown,3
津久見,八代,287.3,14.4,Unknown,3
田子の浦,八代,621.2,31.1,Unknown,3
神戸,八代,438.4,21.9,Unknown,3
苅田,八代,215.4,10.8,Unknown,3
衣浦,八代,550.5,27.5,Unknown,3
赤穂,八代,413,20.7,Unknown,3
須崎,八代,340,17,Unknown,3
千葉,八戸,447.6,22.4,Unknown,3
名古屋,八戸,566.5,28.3,Unknown,3
四日市,八戸,577.3,28.9,Unknown,3
宇部,八戸,798,39.9,Unknown,3
宮古,八戸,63,3.2,Unknown,3
小野田,八戸,808,40.4,Unknown,3
川崎,八戸,434,21.7,Unknown,3
徳山下松,八戸,825.2,41.3,Unknown,3
志布志,八戸,880,44,Unknown,3
新潟,八戸,325,16.3,Unknown,3
水島,八戸,774,38.7,Unknown,3
清水,八戸,475,23.8,Unknown,3
田子の浦,八戸,478.3,23.9,Unknown,3
相馬,八戸,192,9.6,Unknown,3
神戸,八戸,713.7,35.7,Unknown,3
苫小牧,八戸,125.6,6.3,Unknown,3
衣浦,八戸,554,27.7,Unknown,3
赤穂,八戸,722,36.1,Unknown,3
鹿島,八戸,299.3,15,Unknown,3
苫小牧,内浦,521,26.1,Unknown,3
十勝,函館,150.4,7.5,Unknown,3
千葉,函館,543.7,27.2,Unknown,3
小樽,函館,214,10.7,Unknown,3
徳島小松島,函館,791,39.6,Unknown,3
鹿島,函館,398.2,19.9,Unknown,3
坂出,別府,51,2.6,Unknown,3
新居浜,別府,99.5,5,Unknown,3
水島,別府,65,3.3,Unknown,3
熊本,別府,410,20.5,Unknown,3
竹原,別府,96,4.8,Unknown,3
和歌山下津,加治木,354,17.7,Unknown,3
四日市,加治木,491,24.6,Unknown,3
境,加治木,286.9,14.3,Unknown,3
大分,加治木,237,11.9,Unknown,3
宇部,加治木,269.1,13.5,Unknown,3
津久見,加治木,210.3,10.5,Unknown,3
苅田,加治木,287.8,14.4,Unknown,3
須崎,加治木,245.5,12.3,Unknown,3
下関,北九州,10,0.5,Unknown,3
名古屋,北九州,435,21.8,Unknown,3
和歌山下津,北九州,259.8,13,Unknown,3
唐津,北九州,70,3.5,Unknown,3
坂出,北九州,140,7,Unknown,3
大分,北九州,77.5,3.9,Unknown,3
大阪,北九州,254,12.7,Unknown,3
姫路,北九州,224,11.2,Unknown,3
室蘭,北九州,787,39.4,Unknown,3
東播磨,北九州,225.9,11.3,Unknown,3
松浦,北九州,92,4.6,Unknown,3
水島,北九州,171.4,8.6,Unknown,3
笠岡,北九州,158,7.9,Unknown,3
鹿島,北九州,621.5,31.1,Unknown,3
鹿川,北九州,107,5.4,Unknown,3
千葉,十勝,571,28.6,Unknown,3
名古屋,十勝,671.2,33.6,Unknown,3
大分,十勝,899,45,Unknown,3
川崎,十勝,537,26.9,Unknown,3
清水,十勝,587.2,29.4,Unknown,3
福山,十勝,861,43.1,Unknown,3
苫小牧,十勝,114,5.7,Unknown,3
衣浦,十勝,671.7,33.6,Unknown,3
鹿島,十勝,403,20.2,Unknown,3
北九州,千葉,569,28.5,Unknown,3
博多,千葉,593,29.7,Unknown,3
名古屋,千葉,218,10.9,Unknown,3
和歌山下津,千葉,322,16.1,Unknown,3
四日市,千葉,212.9,10.6,Unknown,3
堺泉北,千葉,363.9,18.2,Unknown,3
大分,千葉,500,25,Unknown,3
大竹,千葉,485.6,24.3,Unknown,3
大船渡,千葉,339.7,17,Unknown,3
大阪,千葉,365,18.3,Unknown,3
姫路,千葉,375,18.8,Unknown,3
宇部,千葉,523.6,26.2,Unknown,3
室蘭,千葉,551,27.6,Unknown,3
徳島小松島,千葉,335,16.8,Unknown,3
岩国,千葉,508.8,25.4,Unknown,3
川崎,千葉,17,0.8,Unknown,3
広島,千葉,409,20.5,Unknown,3
徳山下松,千葉,524,26.2,Unknown,3
新居浜,千葉,417,20.9,Unknown,3
新潟,千葉,722,36.1,Unknown,3
東京,千葉,10,0.5,Unknown,3
横浜,千葉,20,1,Unknown,3
水島,千葉,407.4,20.4,Unknown,3
津久見,千葉,483.9,24.2,Unknown,3
清水,千葉,123.6,6.2,Unknown,3
神戸,千葉,287,14.4,Unknown,3
網走,千葉,791.3,39.6,Unknown,3
苅田,千葉,545,27.3,Unknown,3
苫小牧,千葉,560,28,Unknown,3
赤穂,千葉,370,18.5,Unknown,3
須崎,千葉,399.8,20,Unknown,3
高知,千葉,382,19.1,Unknown,3
鹿島,千葉,155.5,7.8,Unknown,3
仙台塩釜,阪南,558.5,27.9,Unknown,3
呉,阪南,157,7.9,Unknown,3
徳山下松,阪南,210.6,10.5,Unknown,3
十勝,博多,843,42.2,Unknown,3
名古屋,博多,468,23.4,Unknown,3
唐津,博多,31,1.6,Unknown,3
大分,博多,132,6.6,Unknown,3
大阪,博多,300,15,Unknown,3
徳山下松,博多,101,5,Unknown,3
志布志,博多,261.7,13.1,Unknown,3
水島,博多,219,11,Unknown,3
津久見,博多,146.1,7.3,Unknown,3
神戸,博多,292,14.6,Unknown,3
福山,博多,186,9.3,Unknown,3
苅田,博多,74.2,3.7,Unknown,3
衣浦,博多,449.3,22.5,Unknown,3
酒田,博多,577,28.9,Unknown,3
鹿島,博多,630,31.5,Unknown,3
三池,名古屋,545.6,27.3,Unknown,3
和歌山下津,名古屋,200,10,Unknown,3
伊万里,名古屋,510,25.5,Unknown,3
佐賀関,名古屋,359,18,Unknown,3
吉津,名古屋,70.8,3.5,Unknown,3
呉,名古屋,380.9,19,Unknown,3
四日市,名古屋,15,0.7,Unknown,3
坂出,名古屋,251,12.6,Unknown,3
堺泉北,名古屋,218.4,10.9,Unknown,3
大分,名古屋,380.3,19,Unknown,3
大竹,名古屋,331,16.6,Unknown,3
大阪,名古屋,234,11.7,Unknown,3
姫路,名古屋,252.5,12.6,Unknown,3
宇部,名古屋,412,20.6,Unknown,3
室蘭,名古屋,686.9,34.3,Unknown,3
小名浜,名古屋,330,16.5,Unknown,3
小野田,名古屋,409.1,20.5,Unknown,3
川崎,名古屋,204.5,10.2,Unknown,3
徳山下松,名古屋,363,18.2,Unknown,3
志布志,名古屋,392.9,19.6,Unknown,3
新居浜,名古屋,306.7,15.3,Unknown,3
東予,名古屋,315,15.8,Unknown,3
東播磨,名古屋,237,11.9,Unknown,3
松山,名古屋,349.7,17.5,Unknown,3
横浜,名古屋,207.6,10.4,Unknown,3
橘,名古屋,197.5,9.9,Unknown,3
水島,名古屋,267.2,13.4,Unknown,3
津久見,名古屋,350.8,17.5,Unknown,3
清水,名古屋,130.3,6.5,Unknown,3
神戸,名古屋,232.2,11.6,Unknown,3
福山,名古屋,279,14,Unknown,3
細島,名古屋,346,17.3,Unknown,3
網走,名古屋,929.7,46.5,Unknown,3
苅田,名古屋,418,20.9,Unknown,3
苫小牧,名古屋,679,34,Unknown,3
赤穂,名古屋,196,9.8,Unknown,3
釜石,名古屋,485.6,24.3,Unknown,3
須崎,名古屋,263,13.2,Unknown,3
高知,名古屋,254.3,12.7,Unknown,3
鹿島,名古屋,283.5,14.2,Unknown,3
和歌山下津,呉,149,7.5,Unknown,3
坂出,呉,79.6,4,Unknown,3
堺泉北,呉,154,7.7,Unknown,3
大分,呉,78.8,3.9,Unknown,3
大阪,呉,156,7.8,Unknown,3
宇部,呉,95.1,4.8,Unknown,3
岡山,呉,94.3,4.7,Unknown,3
神戸,呉,146.5,7.3,Unknown,3
福山,呉,54,2.7,Unknown,3
船川,呉,726,36.3,Unknown,3
長崎,呉,239,12,Unknown,3
徳山下松,和歌山下津,209,10.5,Unknown,3
中城湾,和歌山下津,630,31.5,Unknown,3
堺泉北,和歌山下津,32,1.6,Unknown,3
岩国,和歌山下津,167,8.4,Unknown,3
川崎,和歌山下津,317,15.9,Unknown,3
敦賀,和歌山下津,585,29.3,Unknown,3
東播磨,和歌山下津,43,2.2,Unknown,3
神戸,和歌山下津,32,1.6,Unknown,3
苅田,和歌山下津,252,12.6,Unknown,3
苫小牧,和歌山下津,762.6,38.1,Unknown,3
衣浦,和歌山下津,183,9.2,Unknown,3
鹿島,和歌山下津,356.4,17.8,Unknown,3
宇部,唐津,90,4.5,Unknown,3
志布志,唐津,297,14.9,Unknown,3
津久見,唐津,151.1,7.6,Unknown,3
苅田,唐津,89.5,4.5,Unknown,3
北九州,四日市,451,22.6,Unknown,3
十勝,四日市,665,33.3,Unknown,3
和歌山下津,四日市,188,9.4,Unknown,3
坂出,四日市,248.3,12.4,Unknown,3
堺泉北,四日市,227.4,11.4,Unknown,3
大分,四日市,369.8,18.5,Unknown,3
大竹,四日市,347,17.4,Unknown,3
大阪,四日市,228.1,11.4,Unknown,3
姫路,四日市,238.1,11.9,Unknown,3
宇部,四日市,411.3,20.6,Unknown,3
室蘭,四日市,671,33.6,Unknown,3
川崎,四日市,205.8,10.3,Unknown,3
徳山下松,四日市,386.5,19.3,Unknown,3
横浜,四日市,198,9.9,Unknown,3
水島,四日市,269.4,13.5,Unknown,3
津久見,四日市,349.9,17.5,Unknown,3
神戸,四日市,228,11.4,Unknown,3
苫小牧,四日市,683.5,34.2,Unknown,3
金沢,四日市,777,38.9,Unknown,3
鹿島,四日市,280,14,Unknown,3
三池,坂出,392,19.6,Unknown,3
千葉,坂出,336,16.8,Unknown,3
博多,坂出,167,8.4,Unknown,3
和歌山下津,坂出,73,3.7,Unknown,3
堺泉北,坂出,78,3.9,Unknown,3
大分,坂出,82,4.1,Unknown,3
宇部,坂出,81,4.1,Unknown,3
徳山下松,坂出,130,6.5,Unknown,3
志布志,坂出,265,13.3,Unknown,3
東予,坂出,45,2.3,Unknown,3
津久見,坂出,82,4.1,Unknown,3
清水,坂出,303,15.2,Unknown,3
神戸,坂出,76,3.8,Unknown,3
福山,坂出,27,1.4,Unknown,3
衣浦,坂出,242,12.1,Unknown,3
東播磨,坂出,50,2.5,Unknown,3
水島,堺泉北,89.4,4.5,Unknown,3
鹿島,堺泉北,426,21.3,Unknown,3
佐賀関,堺泉北,214,10.7,Unknown,3
八代,堺泉北,450,22.5,Unknown,3
十勝,堺泉北,817.5,40.9,Unknown,3
境,堺泉北,269.8,13.5,Unknown,3
大分,堺泉北,216.3,10.8,Unknown,3
大竹,堺泉北,170,8.5,Unknown,3
大阪,堺泉北,5,0.3,Unknown,3
宇部,堺泉北,221,11.1,Unknown,3
川崎,堺泉北,353,17.7,Unknown,3
新潟,堺泉北,732.5,36.6,Unknown,3
東予,堺泉北,125,6.2,Unknown,3
沼津,堺泉北,291,14.6,Unknown,3
津久見,堺泉北,224.3,11.2,Unknown,3
福山,堺泉北,107,5.4,Unknown,3
苅田,堺泉北,235,11.8,Unknown,3
詫間,堺泉北,87.4,4.4,Unknown,3
赤穂,堺泉北,50,2.5,Unknown,3
須崎,堺泉北,160,8,Unknown,3
宇部,仙台塩釜,746.9,37.3,Unknown,3
十勝,境,664,33.2,Unknown,3
姫川,境,284,14.2,Unknown,3
宇部,境,210.2,10.5,Unknown,3
敦賀,境,145,7.3,Unknown,3
新潟,境,344,17.2,Unknown,3
津久見,境,85,4.3,Unknown,3
細島,境,317.5,15.9,Unknown,3
苅田,境,206,10.3,Unknown,3
苫小牧,境,596,29.8,Unknown,3
鳥取,境,45,2.3,Unknown,3
福山,多度津,24.5,1.2,Unknown,3
鹿島,多度津,495,24.8,Unknown,3
佐賀関,大井川,396,19.8,Unknown,3
千葉,大井川,120,6,Unknown,3
名古屋,大井川,108,5.4,Unknown,3
四日市,大井川,106.2,5.3,Unknown,3
大分,大井川,399.5,20,Unknown,3
大竹,大井川,372.8,18.6,Unknown,3
宇部,大井川,431,21.6,Unknown,3
小野田,大井川,438,21.9,Unknown,3
川崎,大井川,110.5,5.5,Unknown,3
神戸,大井川,264,13.2,Unknown,3
福山,大井川,346,17.3,Unknown,3
鹿島,大井川,185.1,9.3,Unknown,3
木更津,大井川,19,1,Unknown,3
佐賀関,大分,16.9,0.8,Unknown,3
八代,大分,277.1,13.9,Unknown,3
境,大分,89,4.5,Unknown,3
肥前大島,大分,112,5.6,Unknown,3
大阪,大分,219,11,Unknown,3
姫路,大分,190.2,9.5,Unknown,3
宇部,大分,62.7,3.1,Unknown,3
室蘭,大分,825,41.3,Unknown,3
宮崎,大分,104.7,5.2,Unknown,3
尼崎西宮芦屋,大分,104,5.2,Unknown,3
川崎,大分,488,24.4,Unknown,3
徳山下松,大分,45,2.3,Unknown,3
松山,大分,64,3.2,Unknown,3
橘,大分,204.5,10.2,Unknown,3
水島,大分,134.4,6.7,Unknown,3
津久見,大分,29,1.5,Unknown,3
清水,大分,411,20.6,Unknown,3
福山,大分,120,6,Unknown,3
笠岡,大分,120,6,Unknown,3
苅田,大分,66.4,3.3,Unknown,3
衣浦,大分,357,17.9,Unknown,3
長崎,大分,217,10.9,Unknown,3
須崎,大分,142.3,7.1,Unknown,3
鹿児島,大分,219.8,11,Unknown,3
鹿島,大分,556,27.8,Unknown,3
丸亀,肥前大島,254,12.7,Unknown,3
吉津,肥前大島,125,6.3,Unknown,3
多度津,肥前大島,300,15,Unknown,3
木更津,肥前大島,75,3.8,Unknown,3
徳山下松,大竹,55.3,2.8,Unknown,3
下関,大竹,93,4.7,Unknown,3
仙台塩釜,大竹,684,34.2,Unknown,3
大分,大竹,77,3.9,Unknown,3
大阪,大竹,167,8.4,Unknown,3
宇部,大竹,80,4,Unknown,3
川内,大竹,295,14.8,Unknown,3
新居浜,大竹,59,3,Unknown,3
水島,大竹,95,4.8,Unknown,3
苫小牧,大竹,910.4,45.5,Unknown,3
赤穂,大竹,130,6.5,Unknown,3
須崎,大竹,197,9.9,Unknown,3
鹿島,大竹,524,26.2,Unknown,3
堺泉北,大船渡,616,30.8,Unknown,3
小名浜,大船渡,142,7.1,Unknown,3
横浜,大船渡,322,16.1,Unknown,3
水島,大船渡,672.5,33.6,Unknown,3
秋田,大船渡,339,17,Unknown,3
能代,大船渡,301.5,15.1,Unknown,3
三池,大阪,380.3,19,Unknown,3
徳山下松,大阪,212,10.6,Unknown,3
和歌山下津,大阪,36,1.8,Unknown,3
八戸,大阪,715,35.8,Unknown,3
十勝,大阪,825,41.3,Unknown,3
宇部,大阪,233.1,11.7,Unknown,3
室蘭,大阪,834,41.7,Unknown,3
小名浜,大阪,482.1,24.1,Unknown,3
小野田,大阪,238,11.9,Unknown,3
岡山,大阪,65,3.3,Unknown,3
岩国,大阪,176.9,8.8,Unknown,3
川内,大阪,407,20.4,Unknown,3
川崎,大阪,360.9,18,Unknown,3
新居浜,大阪,123.3,6.2,Unknown,3
東予,大阪,122,6.1,Unknown,3
東京,大阪,365.1,18.3,Unknown,3
東播磨,大阪,33,1.7,Unknown,3
津松阪,大阪,205,10.3,Unknown,3
水島,大阪,92.7,4.6,Unknown,3
沼津,大阪,293.5,14.7,Unknown,3
津久見,大阪,221.1,11.1,Unknown,3
清水,大阪,284.3,14.2,Unknown,3
神戸,大阪,10,0.5,Unknown,3
福山,大阪,107.7,5.4,Unknown,3
秋田,大阪,832,41.6,Unknown,3
苅田,大阪,240,12,Unknown,3
衣浦,大阪,221,11.1,Unknown,3
西之表,大阪,334.5,16.7,Unknown,3
赤穂,大阪,55.4,2.8,Unknown,3
須崎,大阪,162.8,8.1,Unknown,3
鹿島,大阪,422,21.1,Unknown,3
大分,姫川,515.3,25.8,Unknown,3
宮津,姫川,212,10.6,Unknown,3
舞鶴,姫川,209.3,10.5,Unknown,3
和歌山下津,姫路,50,2.5,Unknown,3
十勝,姫路,826,41.3,Unknown,3
坂出,姫路,49,2.5,Unknown,3
堺泉北,姫路,39,2,Unknown,3
大阪,姫路,40,2,Unknown,3
宇部,姫路,196.6,9.8,Unknown,3
室蘭,姫路,852.7,42.6,Unknown,3
川崎,姫路,362,18.1,Unknown,3
御前崎,姫路,260,13,Unknown,3
徳山下松,姫路,186,9.3,Unknown,3
新潟,姫路,713,35.7,Unknown,3
東播磨,姫路,5,0.3,Unknown,3
水島,姫路,60,3,Unknown,3
津久見,姫路,191.6,9.6,Unknown,3
清水,姫路,298,14.9,Unknown,3
神戸,姫路,34,1.7,Unknown,3
笠岡,姫路,68.8,3.4,Unknown,3
苅田,姫路,197,9.9,Unknown,3
赤穂,姫路,17,0.9,Unknown,3
長崎,姫路,358,17.9,Unknown,3
鹿島,姫路,446,22.3,Unknown,3
名古屋,宇和島,354.5,17.7,Unknown,3
徳山下松,宇和島,76.8,3.8,Unknown,3
志布志,宇和島,154.6,7.7,Unknown,3
水島,宇和島,146,7.3,Unknown,3
神戸,宇和島,223,11.2,Unknown,3
須崎,宇和島,120,6,Unknown,3
三隅,宇部,109.5,5.5,Unknown,3
和歌山下津,宇部,221,11.1,Unknown,3
佐賀関,宇部,63.1,3.2,Unknown,3
富岡,宇部,190,9.5,Unknown,3
小野田,宇部,8.5,0.4,Unknown,3
岩国,宇部,83,4.1,Unknown,3
徳山下松,宇部,32.4,1.6,Unknown,3
東播磨,宇部,201,10.1,Unknown,3
新居浜,宇部,113,5.7,Unknown,3
東予,宇部,118,5.9,Unknown,3
松浦,宇部,105.3,5.3,Unknown,3
橘,宇部,223,11.2,Unknown,3
水島,宇部,150.9,7.5,Unknown,3
清水,宇部,454.2,22.7,Unknown,3
福山,宇部,139,7,Unknown,3
竹原,宇部,107,5.4,Unknown,3
苅田,宇部,12,0.6,Unknown,3
鹿島,宇部,599,30,Unknown,3
大阪,宇野,79,4,Unknown,3
徳山下松,宇野,142.1,7.1,Unknown,3
神戸,宇野,73.8,3.7,Unknown,3
久慈,室蘭,138,6.9,Unknown,3
函館,室蘭,70,3.5,Unknown,3
和歌山下津,室蘭,796.7,39.8,Unknown,3
小名浜,室蘭,351,17.6,Unknown,3
尻屋岬,室蘭,62,3.1,Unknown,3
橘,室蘭,794.4,39.7,Unknown,3
小野田,宮之浦,250,12.5,Unknown,3
西之表,宮之浦,29.5,1.5,Unknown,3
津久見,宮古,450,22.5,Unknown,3
那覇,宮古,169,8.5,Unknown,3
むつ小川原,宮古,87,4.4,Unknown,3
大井川,宮古,416,20.8,Unknown,3
白老,宮古,173,8.7,Unknown,3
徳山下松,宮崎,139,7,Unknown,3
四日市,宮崎,349.9,17.5,Unknown,3
境,宮崎,181.6,9.1,Unknown,3
大阪,宮崎,269.3,13.5,Unknown,3
宇部,宮崎,150.3,7.5,Unknown,3
小野田,宮崎,153.5,7.7,Unknown,3
水島,宮崎,210.2,10.5,Unknown,3
津久見,宮崎,91,4.6,Unknown,3
苅田,宮崎,149.5,7.5,Unknown,3
赤穂,宮崎,251,12.6,Unknown,3
東播磨,宿毛湾,120,6,Unknown,3
苅田,宿毛湾,130,6.5,Unknown,3
大竹,伏木富山,575,28.8,Unknown,3
宇部,伏木富山,481,24.1,Unknown,3
新潟,伏木富山,117,5.9,Unknown,3
福山,伏木富山,610.5,30.5,Unknown,3
金沢,伏木富山,135.5,6.8,Unknown,3
東播磨,富岡,51,2.6,Unknown,3
八戸,小名浜,249,12.5,Unknown,3
千葉,小名浜,202.5,10.1,Unknown,3
和歌山下津,小名浜,446.4,22.3,Unknown,3
堺泉北,小名浜,481,24.1,Unknown,3
宇部,小名浜,648.5,32.4,Unknown,3
尻屋岬,小名浜,292,14.6,Unknown,3
新潟,小名浜,493,24.7,Unknown,3
横浜,小名浜,189.5,9.5,Unknown,3
水島,小名浜,507,25.4,Unknown,3
細島,小名浜,591,29.6,Unknown,3
苫小牧,小名浜,358,17.9,Unknown,3
須崎,小名浜,506.5,25.3,Unknown,3
鹿島,小名浜,59.8,3,Unknown,3
八代,徳島小松島,430,21.5,Unknown,3
徳山下松,徳島小松島,188,9.4,Unknown,3
水島,徳島小松島,58,2.9,Unknown,3
細島,徳島小松島,206,10.3,Unknown,3
千葉,小樽,657.3,32.9,Unknown,3
徳山下松,小野田,40,2,Unknown,3
呉,小野田,94,4.7,Unknown,3
四日市,小野田,407.4,20.4,Unknown,3
坂出,小野田,156.3,7.8,Unknown,3
大分,小野田,60,3,Unknown,3
小名浜,小野田,686.7,34.3,Unknown,3
御前崎,小野田,430,21.5,Unknown,3
敦賀,小野田,315,15.8,Unknown,3
沼津,小野田,470,23.5,Unknown,3
津久見,小野田,73.7,3.7,Unknown,3
田子の浦,小野田,466.5,23.3,Unknown,3
神戸,小野田,229,11.5,Unknown,3
細島,小野田,129,6.5,Unknown,3
鹿児島,小野田,271,13.6,Unknown,3
久慈,尻屋岬,82.7,4.1,Unknown,3
堺泉北,尻屋岬,765.6,38.3,Unknown,3
水島,尻屋岬,794,39.7,Unknown,3
秋田,尻屋岬,166.5,8.3,Unknown,3
岡山,尼崎西宮芦屋,74.5,3.7,Unknown,3
川崎,尼崎西宮芦屋,351,17.6,Unknown,3
御前崎,尼崎西宮芦屋,210,10.5,Unknown,3
新居浜,尼崎西宮芦屋,120,6,Unknown,3
東播磨,尼崎西宮芦屋,33,1.7,Unknown,3
水島,尼崎西宮芦屋,88.9,4.4,Unknown,3
神戸,尼崎西宮芦屋,7,0.4,Unknown,3
福山,尼崎西宮芦屋,104.9,5.2,Unknown,3
苅田,尼崎西宮芦屋,80,4,Unknown,3
鹿島,尼崎西宮芦屋,431,21.6,Unknown,3
大分,尾道糸崎,103,5.2,Unknown,3
水島,尾道糸崎,40,2,Unknown,3
東播磨,尾鷲,163,8.2,Unknown,3
神戸,尾鷲,197,9.9,Unknown,3
堺泉北,岡山,75,3.8,Unknown,3
境,岡山,189.8,9.5,Unknown,3
大分,岡山,156,7.8,Unknown,3
東予,岡山,65,3.3,Unknown,3
東播磨,岡山,42.5,2.1,Unknown,3
衣浦,岡山,252.2,12.6,Unknown,3
徳山下松,岩国,50,2.5,Unknown,3
四日市,岩国,376,18.8,Unknown,3
堺泉北,岩国,170.1,8.5,Unknown,3
川崎,岩国,486,24.3,Unknown,3
新居浜,岩国,62,3.1,Unknown,3
水島,岩国,96.1,4.8,Unknown,3
津久見,岩国,75.1,3.8,Unknown,3
田子の浦,岩国,400,20,Unknown,3
津久見,島原,274,13.7,Unknown,3
小名浜,三島川之江,553.5,27.7,Unknown,3
徳山下松,三島川之江,105,5.3,Unknown,3
三池,川内,63,3.2,Unknown,3
唐津,川内,134,6.7,Unknown,3
境,川内,201,10.1,Unknown,3
津久見,川内,236.7,11.8,Unknown,3
徳山下松,川崎,508.7,25.4,Unknown,3
佐賀関,川崎,477.6,23.9,Unknown,3
吉津,川崎,203.4,10.2,Unknown,3
大竹,川崎,462.3,23.1,Unknown,3
宇部,川崎,524.7,26.2,Unknown,3
室蘭,川崎,540.9,27,Unknown,3
小名浜,川崎,195,9.8,Unknown,3
小野田,川崎,521.8,26.1,Unknown,3
木更津,川崎,13.2,0.7,Unknown,3
松山,川崎,460.1,23,Unknown,3
横浜,川崎,7,0.4,Unknown,3
水島,川崎,404.6,20.2,Unknown,3
津久見,川崎,470,23.5,Unknown,3
神戸,川崎,320,16,Unknown,3
苫小牧,川崎,550,27.5,Unknown,3
須崎,川崎,370,18.5,Unknown,3
鹿島,川崎,143.9,7.2,Unknown,3
博多,広島,160,8,Unknown,3
名古屋,広島,304.8,15.2,Unknown,3
唐津,広島,172.4,8.6,Unknown,3
四日市,広島,377,18.9,Unknown,3
坂出,広島,79,4,Unknown,3
堺泉北,広島,145.3,7.3,Unknown,3
境,広島,134.5,6.7,Unknown,3
大分,広島,82,4.1,Unknown,3
大阪,広島,155,7.8,Unknown,3
宇部,広島,101.7,5.1,Unknown,3
室蘭,広島,849,42.5,Unknown,3
尼崎西宮芦屋,広島,110,5.5,Unknown,3
徳山下松,広島,62,3.1,Unknown,3
新居浜,広島,52,2.6,Unknown,3
水島,広島,69,3.5,Unknown,3
津久見,広島,83.3,4.2,Unknown,3
神戸,広島,148,7.4,Unknown,3
福山,広島,53,2.7,Unknown,3
苅田,広島,102,5.1,Unknown,3
赤穂,広島,118,5.9,Unknown,3
釜石,広島,790,39.5,Unknown,3
鹿島,広島,518,25.9,Unknown,3
細島,広島,129.7,6.5,Unknown,3
名古屋,御前崎,100,5,Unknown,3
宇部,御前崎,418,20.9,Unknown,3
七尾,徳山下松,505,25.3,Unknown,3
三隅,徳山下松,149.3,7.5,Unknown,3
佐賀関,徳山下松,49.9,2.5,Unknown,3
呉,徳山下松,63,3.2,Unknown,3
室蘭,徳山下松,815,40.8,Unknown,3
平生,徳山下松,29.8,1.5,Unknown,3
東予,徳山下松,70.3,3.5,Unknown,3
東京,徳山下松,514,25.7,Unknown,3
東播磨,徳山下松,185,9.3,Unknown,3
松山,徳山下松,57,2.9,Unknown,3
横浜,徳山下松,502.6,25.1,Unknown,3
橘,徳山下松,200,10,Unknown,3
水島,徳山下松,119.7,6,Unknown,3
清水,徳山下松,438,21.9,Unknown,3
神戸,徳山下松,190,9.5,Unknown,3
笠岡,徳山下松,111,5.6,Unknown,3
苅田,徳山下松,41.9,2.1,Unknown,3
衣浦,徳山下松,375,18.8,Unknown,3
鹿島,徳山下松,568,28.4,Unknown,3
仙台塩釜,徳島小松島,535,26.8,Unknown,3
名古屋,徳島小松島,204,10.2,Unknown,3
和歌山下津,徳島小松島,28,1.4,Unknown,3
室蘭,徳島小松島,798,39.9,Unknown,3
東播磨,徳島小松島,42,2.1,Unknown,3
津久見,徳島小松島,208,10.4,Unknown,3
苅田,徳島小松島,217.3,10.9,Unknown,3
赤穂,徳島小松島,47,2.4,Unknown,3
佐伯,志布志,139,7,Unknown,3
千葉,志布志,495,24.8,Unknown,3
四日市,志布志,399.6,20,Unknown,3
水島,志布志,261.5,13.1,Unknown,3
津久見,志布志,143,7.2,Unknown,3
清水,志布志,472.4,23.6,Unknown,3
神戸,志布志,310,15.5,Unknown,3
細島,志布志,87,4.4,Unknown,3
苅田,志布志,212,10.6,Unknown,3
衣浦,志布志,394,19.7,Unknown,3
赤穂,志布志,289,14.5,Unknown,3
高知,志布志,197,9.9,Unknown,3
鹿島,志布志,595,29.8,Unknown,3
千葉,東播磨,367,18.4,Unknown,3
新居浜,東播磨,89,4.5,Unknown,3
水島,東播磨,59.3,3,Unknown,3
清水,東播磨,282,14.1,Unknown,3
佐賀関,敦賀,403,20.2,Unknown,3
川崎,敦賀,899.5,45,Unknown,3
苫小牧,敦賀,514,25.7,Unknown,3
鹿島,敦賀,820,41,Unknown,3
和歌山下津,新宮,93.5,4.7,Unknown,3
尼崎西宮芦屋,新宮,129,6.5,Unknown,3
清水,新宮,158,7.9,Unknown,3
赤穂,新宮,149.6,7.5,Unknown,3
須崎,新宮,133,6.7,Unknown,3
和歌山下津,新居浜,113,5.7,Unknown,3
四日市,新居浜,291,14.6,Unknown,3
堺泉北,新居浜,120,6,Unknown,3
大分,新居浜,104.9,5.2,Unknown,3
室蘭,新居浜,879,44,Unknown,3
川崎,新居浜,409,20.5,Unknown,3
徳山下松,新居浜,92,4.6,Unknown,3
松山,新居浜,43,2.2,Unknown,3
横浜,新居浜,410,20.5,Unknown,3
水島,新居浜,43.7,2.2,Unknown,3
清水,新居浜,316,15.8,Unknown,3
福山,新居浜,31,1.6,Unknown,3
笠岡,新居浜,34.7,1.7,Unknown,3
鹿島,新居浜,505.3,25.3,Unknown,3
宇部,新潟,515,25.8,Unknown,3
水島,新潟,660.3,33,Unknown,3
鹿島,新潟,622.8,31.1,Unknown,3
三池,新潟,668.5,33.4,Unknown,3
佐賀関,新潟,573.3,28.7,Unknown,3
博多,新潟,519,26,Unknown,3
大船渡,新潟,444,22.2,Unknown,3
姫川,新潟,81.4,4.1,Unknown,3
室蘭,新潟,290,14.5,Unknown,3
小野田,新潟,510,25.5,Unknown,3
尾道糸崎,新潟,660,33,Unknown,3
徳山下松,新潟,547.2,27.4,Unknown,3
福山,新潟,645,32.3,Unknown,3
秋田,新潟,117.5,5.9,Unknown,3
笠岡,新潟,651.2,32.6,Unknown,3
酒田,新潟,68,3.4,Unknown,3
東播磨,明石,15.4,0.8,Unknown,3
八戸,木更津,426,21.3,Unknown,3
千葉,木更津,17.5,0.9,Unknown,3
吉津,木更津,203,10.2,Unknown,3
坂出,木更津,290,14.5,Unknown,3
大分,木更津,479,24,Unknown,3
岩国,木更津,503,25.2,Unknown,3
津久見,木更津,467,23.4,Unknown,3
苫小牧,木更津,543,27.2,Unknown,3
呉,東予,41,2.1,Unknown,3
安芸津,東予,31,1.6,Unknown,3
川崎,東予,433.8,21.7,Unknown,3
名古屋,東京,219.7,11,Unknown,3
和歌山下津,東京,335,16.7,Unknown,3
坂出,東京,374,18.7,Unknown,3
堺泉北,東京,358,17.9,Unknown,3
大分,東京,489,24.5,Unknown,3
大船渡,東京,337.6,16.9,Unknown,3
姫路,東京,379,19,Unknown,3
宇部,東京,536,26.8,Unknown,3
室蘭,東京,554.3,27.7,Unknown,3
三島川之江,東京,414,20.7,Unknown,3
横浜,東京,17.2,0.9,Unknown,3
津久見,東京,482.2,24.1,Unknown,3
苅田,東京,539,27,Unknown,3
釜石,東京,359,18,Unknown,3
須崎,東京,388,19.4,Unknown,3
鹿島,東京,155.3,7.8,Unknown,3
八戸,東播磨,730,36.5,Unknown,3
神戸,東播磨,24,1.2,Unknown,3
須崎,東播磨,175,8.8,Unknown,3
高知,東播磨,164,8.2,Unknown,3
徳山下松,舞鶴,341,17.1,Unknown,3
千葉,松山,482,24.1,Unknown,3
四日市,松山,363.8,18.2,Unknown,3
堺泉北,松山,150,7.5,Unknown,3
宇部,松山,80.6,4,Unknown,3
東予,松山,40,2,Unknown,3
水島,松山,79.3,4,Unknown,3
津久見,松山,64.1,3.2,Unknown,3
神戸,松山,148,7.4,Unknown,3
苅田,松山,82.3,4.1,Unknown,3
鹿島,松山,561.4,28.1,Unknown,3
津久見,松島,210.9,10.5,Unknown,3
尾道糸崎,松浦,210,10.5,Unknown,3
横浜,松浦,629,31.5,Unknown,3
津久見,松浦,164.2,8.2,Unknown,3
苅田,松浦,96,4.8,Unknown,3
長崎,松浦,53.2,2.7,Unknown,3
和歌山下津,津松阪,196.9,9.8,Unknown,3
姫川,柏崎,26,1.3,Unknown,3
宇部,柏崎,483,24.2,Unknown,3
新潟,柏崎,46.3,2.3,Unknown,3
大分,柳井,49,2.5,Unknown,3
八戸,横浜,430.6,21.5,Unknown,3
十勝,横浜,546.9,27.3,Unknown,3
吉津,横浜,193,9.7,Unknown,3
和歌山下津,横浜,318,15.9,Unknown,3
堺泉北,横浜,347,17.4,Unknown,3
大阪,横浜,356.1,17.8,Unknown,3
宇部,横浜,525,26.3,Unknown,3
室蘭,横浜,549.5,27.5,Unknown,3
木更津,横浜,13,0.7,Unknown,3
東播磨,横浜,363,18.2,Unknown,3
水島,横浜,391.5,19.6,Unknown,3
清水,横浜,105,5.3,Unknown,3
石狩湾新,横浜,725,36.3,Unknown,3
神戸,横浜,305,15.3,Unknown,3
福山,横浜,405.8,20.3,Unknown,3
苅田,横浜,531.8,26.6,Unknown,3
苫小牧,横浜,537,26.9,Unknown,3
赤穂,横浜,367.7,18.4,Unknown,3
須崎,横浜,379,19,Unknown,3
千葉,横須賀,27.1,1.4,Unknown,3
坂出,橘,61,3.1,Unknown,3
松山,橘,143,7.2,Unknown,3
津久見,橘,188,9.4,Unknown,3
竹原,橘,130,6.5,Unknown,3
赤穂,橘,57,2.9,Unknown,3
須崎,橘,109.5,5.5,Unknown,3
大分,水俣,277,13.9,Unknown,3
和歌山下津,水島,81,4.1,Unknown,3
仙台塩釜,水島,613.1,30.7,Unknown,3
坂出,水島,14.7,0.7,Unknown,3
御前崎,水島,280,14,Unknown,3
東予,水島,45,2.3,Unknown,3
津久見,水島,139.9,7,Unknown,3
神戸,水島,82,4.1,Unknown,3
笠岡,水島,18.3,0.9,Unknown,3
苅田,水島,162.1,8.1,Unknown,3
鹿島,水島,455,22.8,Unknown,3
佐賀関,油津,128,6.4,Unknown,3
徳山下松,沼津,447.5,22.4,Unknown,3
相生,沼津,303,15.2,Unknown,3
鹿島,沼津,184,9.2,Unknown,3
神戸,堺泉北,8,0.4,Unknown,3
釜石,堺泉北,632,31.6,Unknown,3
佐賀関,津久見,16.2,0.8,Unknown,3
大竹,津久見,85,4.3,Unknown,3
神戸,津久見,215,10.8,Unknown,3
竹原,津久見,94,4.7,Unknown,3
高知,津久見,125.5,6.3,Unknown,3
鹿児島,津久見,205,10.3,Unknown,3
宇部,津松阪,395.3,19.8,Unknown,3
苅田,津松阪,401.5,20.1,Unknown,3
須崎,津松阪,250,12.5,Unknown,3
境,浜田,103,5.2,Unknown,3
宇部,浜田,102.5,5.1,Unknown,3
伊万里,清水,540,27,Unknown,3
八代,清水,610,30.5,Unknown,3
和歌山下津,清水,248,12.4,Unknown,3
四日市,清水,129,6.5,Unknown,3
堺泉北,清水,233,11.7,Unknown,3
岩国,清水,397,19.9,Unknown,3
川崎,清水,114.3,5.7,Unknown,3
田子の浦,清水,11.3,0.6,Unknown,3
福山,清水,325,16.3,Unknown,3
秋田,清水,691,34.6,Unknown,3
細島,清水,396.4,19.8,Unknown,3
網走,清水,830,41.5,Unknown,3
苫小牧,清水,588,29.4,Unknown,3
赤穂,清水,308.3,15.4,Unknown,3
須崎,清水,310,15.5,Unknown,3
鹿島,清水,186.6,9.3,Unknown,3
大分,熊本,250,12.5,Unknown,3
宮津,熊本,453,22.7,Unknown,3
津久見,熊本,272,13.6,Unknown,3
千葉,田子の浦,120,6,Unknown,3
四日市,田子の浦,135.2,6.8,Unknown,3
堺泉北,田子の浦,285,14.3,Unknown,3
境,田子の浦,651,32.6,Unknown,3
大井川,田子の浦,27.5,1.4,Unknown,3
宇部,田子の浦,479,24,Unknown,3
徳山下松,田子の浦,443,22.2,Unknown,3
志布志,田子の浦,457,22.9,Unknown,3
横浜,田子の浦,109.5,5.5,Unknown,3
水島,田子の浦,308.3,15.4,Unknown,3
神戸,田子の浦,287.1,14.4,Unknown,3
秋田,田子の浦,702.3,35.1,Unknown,3
苅田,田子の浦,464,23.2,Unknown,3
田子の浦,白老,588,29.4,Unknown,3
鹿島,白老,408,20.4,Unknown,3
徳山下松,直江津,176,8.8,Unknown,3
函館,相馬,293,14.7,Unknown,3
堺泉北,相馬,550,27.5,Unknown,3
大船渡,相馬,88,4.4,Unknown,3
大阪,相馬,540,27,Unknown,3
室蘭,相馬,305,15.3,Unknown,3
尻屋岬,相馬,240,12,Unknown,3
川崎,相馬,250,12.5,Unknown,3
東京,相馬,261,13.1,Unknown,3
衣浦,相馬,370,18.5,Unknown,3
中城湾,石垣,255,12.8,Unknown,3
平良,石垣,82,4.1,Unknown,3
白老,石狩湾新,311,15.6,Unknown,3
新居浜,神戸,113,5.7,Unknown,3
十勝,神戸,819,41,Unknown,3
大分,神戸,207.8,10.4,Unknown,3
大竹,神戸,163,8.2,Unknown,3
宇部,神戸,224.4,11.2,Unknown,3
岩国,神戸,165.3,8.3,Unknown,3
福山,神戸,90,4.5,Unknown,3
苅田,神戸,234,11.7,Unknown,3
苫小牧,神戸,829.5,41.5,Unknown,3
赤穂,神戸,46.7,2.3,Unknown,3
長崎,神戸,370,18.5,Unknown,3
鹿島,神戸,426,21.3,Unknown,3
姫川,福井,154,7.7,Unknown,3
敦賀,福井,38,1.9,Unknown,3
苅田,福井,342,17.1,Unknown,3
酒田,福井,253,12.7,Unknown,3
水島,福山,19.6,1,Unknown,3
津久見,福山,124.1,6.2,Unknown,3
細島,福山,170,8.5,Unknown,3
苅田,福山,140,7,Unknown,3
高知,福山,186,9.3,Unknown,3
八戸,秋田,235.9,11.8,Unknown,3
函館,秋田,147.2,7.4,Unknown,3
千葉,秋田,675,33.8,Unknown,3
堺泉北,秋田,837,41.9,Unknown,3
姫川,秋田,193,9.7,Unknown,3
留萌,秋田,297.9,14.9,Unknown,3
苫小牧,秋田,217.4,10.9,Unknown,3
酒田,秋田,52,2.6,Unknown,3
青森,秋田,148,7.4,Unknown,3
鹿島,稚内,706,35.3,Unknown,3
八戸,竹原,784.8,39.2,Unknown,3
苅田,竹原,110,5.5,Unknown,3
大阪,笠岡,75.7,3.8,Unknown,3
博多,米之津,157.8,7.9,Unknown,3
志布志,米之津,135,6.8,Unknown,3
神戸,米之津,434,21.7,Unknown,3
高知,米之津,319,16,Unknown,3
千葉,細島,479.5,24,Unknown,3
坂出,細島,195,9.8,Unknown,3
大分,細島,76,3.8,Unknown,3
宇部,細島,123.3,6.2,Unknown,3
神戸,細島,243.6,12.2,Unknown,3
苅田,細島,123,6.2,Unknown,3
紋別,網走,49,2.5,Unknown,3
尻屋岬,能代,133.3,6.7,Unknown,3
十勝,舞鶴,599,30,Unknown,3
留萌,舞鶴,601,30.1,Unknown,3
苅田,舞鶴,309,15.5,Unknown,3
函館,船川,130,6.5,Unknown,3
仙台塩釜,船川,404,20.2,Unknown,3
留萌,船川,298,14.9,Unknown,3
七尾,苅田,469,23.5,Unknown,3
呉,苅田,100,5,Unknown,3
姫川,苅田,470.4,23.5,Unknown,3
小野田,苅田,14,0.7,Unknown,3
東予,苅田,123,6.2,Unknown,3
東播磨,苅田,210,10.5,Unknown,3
橘,苅田,217,10.9,Unknown,3
津久見,苅田,76,3.8,Unknown,3
金沢,苅田,372,18.6,Unknown,3
むつ小川原,苫小牧,100,5,Unknown,3
坂出,苫小牧,848,42.4,Unknown,3
大分,苫小牧,803,40.2,Unknown,3
大阪,苫小牧,836.7,41.8,Unknown,3
姫路,苫小牧,836,41.8,Unknown,3
宇部,苫小牧,542,27.1,Unknown,3
室蘭,苫小牧,47,2.4,Unknown,3
伏木富山,苫小牧,413,20.7,Unknown,3
徳山下松,苫小牧,808,40.4,Unknown,3
徳島小松島,苫小牧,795,39.8,Unknown,3
新居浜,苫小牧,888,44.4,Unknown,3
水島,苫小牧,896,44.8,Unknown,3
田子の浦,苫小牧,597.3,29.9,Unknown,3
衣浦,苫小牧,669,33.5,Unknown,3
鹿島,苫小牧,415.5,20.8,Unknown,3
千葉,衣浦,177,8.9,Unknown,3
名古屋,衣浦,39,2,Unknown,3
宇部,衣浦,380,19,Unknown,3
小野田,衣浦,395,19.8,Unknown,3
新居浜,衣浦,281.3,14.1,Unknown,3
横浜,衣浦,188.5,9.4,Unknown,3
水俣,衣浦,545,27.3,Unknown,3
水島,衣浦,239,12,Unknown,3
清水,衣浦,115.5,5.8,Unknown,3
神戸,衣浦,219.6,11,Unknown,3
細島,衣浦,328,16.4,Unknown,3
西之表,衣浦,414,20.7,Unknown,3
鹿島,衣浦,261,13.1,Unknown,3
宇部,西郷,132,6.6,Unknown,3
中城湾,詫間,596.8,29.8,Unknown,3
伊万里,詫間,240,12,Unknown,3
坂出,詫間,18,0.9,Unknown,3
大分,詫間,126.7,6.3,Unknown,3
横浜,詫間,404.3,20.2,Unknown,3
福山,詫間,22.3,1.1,Unknown,3
小野田,赤穂,190,9.5,Unknown,3
水島,赤穂,42.6,2.1,Unknown,3
相馬,赤穂,540,27,Unknown,3
八戸,酒田,271,13.6,Unknown,3
姫川,酒田,146.6,7.3,Unknown,3
宇部,酒田,573,28.7,Unknown,3
直江津,酒田,129,6.5,Unknown,3
松浦,金武湾,491,24.6,Unknown,3
七尾,金沢,117.1,5.9,Unknown,3
姫川,金沢,125.1,6.3,Unknown,3
室蘭,金沢,432,21.6,Unknown,3
徳山下松,金沢,395.5,19.8,Unknown,3
新潟,金沢,169.3,8.5,Unknown,3
木更津,金沢,13,0.7,Unknown,3
津久見,金沢,451.4,22.6,Unknown,3
福井,金沢,40,2,Unknown,3
秋田,金沢,266,13.3,Unknown,3
須崎,金沢,361.5,18.1,Unknown,3
千葉,釜石,362,18.1,Unknown,3
大船渡,釜石,29.2,1.5,Unknown,3
室蘭,釜石,204.3,10.2,Unknown,3
白老,釜石,200,10,Unknown,3
苫小牧,釜石,210,10.5,Unknown,3
鹿島,釜石,215.3,10.8,Unknown,3
千葉,釧路,602,30.1,Unknown,3
名古屋,釧路,735,36.8,Unknown,3
大分,釧路,964,48.2,Unknown,3
小名浜,釧路,411,20.6,Unknown,3
川崎,釧路,591,29.6,Unknown,3
徳山下松,釧路,810,40.5,Unknown,3
清水,釧路,638.7,31.9,Unknown,3
鹿島,釧路,460,23,Unknown,3
下関,長崎,146,7.3,Unknown,3
八戸,長崎,874,43.7,Unknown,3
徳山下松,長崎,176,8.8,Unknown,3
水島,長崎,301,15,Unknown,3
津久見,長崎,207,10.4,Unknown,3
苅田,長崎,166,8.3,Unknown,3
中城湾,阪南,651,32.6,Unknown,3
四日市,青森,709.4,35.5,Unknown,3
室蘭,青森,107.3,5.4,Unknown,3
小名浜,青森,390,19.5,Unknown,3
徳山下松,青森,685,34.3,Unknown,3
衣浦,青森,682,34.1,Unknown,3
酒田,青森,199,10,Unknown,3
相馬,須崎,567.4,28.4,Unknown,3
神戸,須崎,144,7.2,Unknown,3
鹿島,須崎,457,22.9,Unknown,3
川崎,館山,33,1.7,Unknown,3
横浜,館山,28,1.4,Unknown,3
千葉,高松,384,19.2,Unknown,3
四日市,高松,284.1,14.2,Unknown,3
徳山下松,高松,143,7.2,Unknown,3
水島,高松,23,1.2,Unknown,3
神戸,高松,65,3.3,Unknown,3
福山,高松,39.1,2,Unknown,3
徳山下松,高知,180,9,Unknown,3
苅田,高知,200,10,Unknown,3
鹿島,高知,441,22.1,Unknown,3
姫路,鳥取,446,22.3,Unknown,3
宮津,鳥取,76,3.8,Unknown,3
横浜,鵜殿,214,10.7,Unknown,3
清水,鵜殿,136,6.8,Unknown,3
唐津,鹿児島,225,11.3,Unknown,3
四日市,鹿児島,473,23.7,Unknown,3
徳山下松,鹿児島,255.9,12.8,Unknown,3
水島,鹿児島,332,16.6,Unknown,3
苅田,鹿児島,166,8.3,Unknown,3
むつ小川原,鹿島,313.3,15.7,Unknown,3
坂出,鹿島,472.7,23.6,Unknown,3
室蘭,鹿島,413.5,20.7,Unknown,3
松浦,鹿島,727,36.4,Unknown,3
細島,鹿島,540,27,Unknown,3
苅田,鹿島,605,30.3,Unknown,3
秋田,七尾,222,11.1,Unknown,3
伊万里,三島川之江,211,10.6,Unknown,3
松島,三池,58,2.9,Unknown,3
網走,三池,1218,60.9,Unknown,3
船川,三池,793,39.7,Unknown,3
千葉,三河,203.5,10.2,Unknown,3
和歌山下津,三河,199,10,Unknown,3
宇部,三河,407.4,20.4,Unknown,3
坂出,三田尻中関,134,6.7,Unknown,3
大分,三角,255,12.8,Unknown,3
大阪,下関,247.9,12.4,Unknown,3
東播磨,下関,214.7,10.7,Unknown,3
横浜,下関,548,27.4,Unknown,3
神戸,下関,226,11.3,Unknown,3
笠岡,下関,148,7.4,Unknown,3
鹿川,下関,104,5.2,Unknown,3
徳山下松,中城湾,524.7,26.2,Unknown,3
名古屋,三田尻中関,449.8,22.5,Unknown,3
広島,三田尻中関,66,3.3,Unknown,3
神戸,三田尻中関,212,10.6,Unknown,3
小名浜,丸亀,505,25.3,Unknown,3
岩国,丸亀,87.3,4.4,Unknown,3
神戸,丸亀,80,4,Unknown,3
苫小牧,丸亀,854,42.7,Unknown,3
清水,久慈,339,17,Unknown,3
苫小牧,久慈,149,7.5,Unknown,3
坂出,今治,47,2.4,Unknown,3
小野田,今治,108.4,5.4,Unknown,3
川崎,今治,451.4,22.6,Unknown,3
新居浜,今治,13,0.7,Unknown,3
橘,今治,138.5,6.9,Unknown,3
津久見,今治,93,4.7,Unknown,3
田子の浦,今治,401,20.1,Unknown,3
笠岡,今治,32,1.6,Unknown,3
堺泉北,仙台塩釜,561,28.1,Unknown,3
姫川,仙台塩釜,570.6,28.5,Unknown,3
木更津,仙台塩釜,277.5,13.9,Unknown,3
東京,仙台塩釜,294.9,14.7,Unknown,3
東播磨,仙台塩釜,574,28.7,Unknown,3
沼津,仙台塩釜,331,16.6,Unknown,3
田子の浦,仙台塩釜,327,16.4,Unknown,3
苫小牧,仙台塩釜,290,14.5,Unknown,3
赤穂,仙台塩釜,569,28.5,Unknown,3
酒田,仙台塩釜,443,22.2,Unknown,3
釧路,仙台塩釜,342,17.1,Unknown,3
八代,伊万里,148,7.4,Unknown,3
北九州,伊万里,95,4.8,Unknown,3
堺泉北,伊万里,340,17,Unknown,3
大分,伊万里,178,8.9,Unknown,3
大阪,伊万里,340,17,Unknown,3
姫路,伊万里,310.5,15.5,Unknown,3
水島,伊万里,258.4,12.9,Unknown,3
長崎,伊万里,67,3.4,Unknown,3
苅田,伏木富山,478,23.9,Unknown,3
東京,伏木富山,863,43.2,Unknown,3
東播磨,伏木富山,687,34.4,Unknown,3
和歌山下津,佐世保,394.6,19.7,Unknown,3
坂出,佐世保,288,14.4,Unknown,3
福山,佐世保,261.1,13.1,Unknown,3
長崎,佐世保,33,1.7,Unknown,3
大分,佐伯,47.9,2.4,Unknown,3
舞鶴,佐伯,386,19.3,Unknown,3
須崎,佐伯,143,7.2,Unknown,3
三島川之江,八代,325,16.3,Unknown,3
三池,八代,36,1.8,Unknown,3
北九州,八代,210,10.5,Unknown,3
和歌山下津,八代,434,21.7,Unknown,3
四日市,八代,548,27.4,Unknown,3
小名浜,八代,796,39.8,Unknown,3
水島,八代,362,18.1,Unknown,3
金沢,八代,463,23.2,Unknown,3
三池,八戸,952,47.6,Unknown,3
坂出,八戸,765,38.3,Unknown,3
堺泉北,八戸,723,36.2,Unknown,3
室蘭,八戸,120.3,6,Unknown,3
留萌,内浦,617,30.9,Unknown,3
下関,函館,687,34.4,Unknown,3
仙台塩釜,函館,275.5,13.8,Unknown,3
尻屋岬,函館,43.3,2.2,Unknown,3
川崎,函館,530,26.5,Unknown,3
横浜,函館,515,25.8,Unknown,3
網走,函館,407.5,20.4,Unknown,3
赤穂,函館,818,40.9,Unknown,3
佐賀関,別府,186.5,9.3,Unknown,3
横浜,別府,365,18.3,Unknown,3
橘,別府,52.5,2.6,Unknown,3
清水,別府,290.5,14.5,Unknown,3
北九州,加治木,305,15.3,Unknown,3
徳山下松,北九州,42,2.1,Unknown,3
津久見,北九州,100,5,Unknown,3
神戸,北九州,280,14,Unknown,3
八戸,十勝,141,7.1,Unknown,3
水島,十勝,847,42.4,Unknown,3
田子の浦,十勝,585,29.3,Unknown,3
三田尻中関,千葉,475,23.8,Unknown,3
久慈,千葉,366,18.3,Unknown,3
小野田,千葉,667,33.4,Unknown,3
留萌,千葉,764,38.2,Unknown,3
福山,千葉,438.2,21.9,Unknown,3
笠岡,千葉,430,21.5,Unknown,3
水島,阪南,86.7,4.3,Unknown,3
和歌山下津,博多,312.5,15.6,Unknown,3
堺泉北,博多,306.6,15.3,Unknown,3
姫路,博多,271.5,13.6,Unknown,3
宇部,博多,78.3,3.9,Unknown,3
小野田,博多,79,4,Unknown,3
東京,博多,607,30.4,Unknown,3
松浦,博多,49.5,2.5,Unknown,3
横浜,博多,563,28.2,Unknown,3
直江津,博多,138,6.9,Unknown,3
笠岡,博多,186,9.3,Unknown,3
網走,博多,1047,52.4,Unknown,3
苫小牧,博多,798,39.9,Unknown,3
下関,名古屋,514,25.7,Unknown,3
別府,名古屋,237,11.9,Unknown,3
宇島,名古屋,394,19.7,Unknown,3
宮之浦,名古屋,459.3,23,Unknown,3
田子の浦,名古屋,134,6.7,Unknown,3
石狩湾新,名古屋,872,43.6,Unknown,3
稚内,名古屋,993,49.7,Unknown,3
伏木富山,呉,597,29.9,Unknown,3
姫路,呉,118.3,5.9,Unknown,3
水島,呉,72.6,3.6,Unknown,3
津久見,呉,85,4.3,Unknown,3
相生,呉,109,5.5,Unknown,3
舞鶴,呉,424,21.2,Unknown,3
衣浦,呉,314,15.7,Unknown,3
鹿島,呉,532.2,26.6,Unknown,3
橘,和歌山下津,34.7,1.7,Unknown,3
津久見,和歌山下津,216.2,10.8,Unknown,3
福山,和歌山下津,119.5,6,Unknown,3
笠岡,和歌山下津,92,4.6,Unknown,3
能代,和歌山下津,875,43.8,Unknown,3
高知,和歌山下津,96,4.8,Unknown,3
徳島小松島,四日市,200,10,Unknown,3
沼津,四日市,133,6.7,Unknown,3
十勝,坂出,858.6,42.9,Unknown,3
横浜,坂出,370,18.5,Unknown,3
竹原,坂出,87,4.4,Unknown,3
網走,坂出,1108.5,55.4,Unknown,3
苅田,坂出,99,5,Unknown,3
那覇,坂出,637,31.9,Unknown,3
東播磨,堺泉北,30,1.5,Unknown,3
網走,堺泉北,1072,53.6,Unknown,3
舞鶴,堺泉北,542,27.1,Unknown,3
三島川之江,堺泉北,112,5.6,Unknown,3
北九州,堺泉北,254,12.7,Unknown,3
室蘭,堺泉北,823,41.2,Unknown,3
御前崎,堺泉北,254,12.7,Unknown,3
笠岡,堺泉北,106.7,5.3,Unknown,3
細島,堺泉北,246,12.3,Unknown,3
苫小牧,堺泉北,830,41.5,Unknown,3
秋田,仙台塩釜,401,20.1,Unknown,3
青森,仙台塩釜,295,14.8,Unknown,3
徳山下松,境,62,3.1,Unknown,3
名古屋,境,617,30.9,Unknown,3
小野田,多度津,135.5,6.8,Unknown,3
中津,大井川,401,20.1,Unknown,3
十勝,大井川,517.7,25.9,Unknown,3
堺泉北,大井川,276.5,13.8,Unknown,3
広島,大井川,350.4,17.5,Unknown,3
津久見,大井川,372.4,18.6,Unknown,3
三池,大分,277.5,13.9,Unknown,3
仙台塩釜,大分,701,35.1,Unknown,3
御前崎,大分,381,19.1,Unknown,3
高知,大分,147.1,7.4,Unknown,3
堺泉北,肥前大島,398,19.9,Unknown,3
姫路,肥前大島,256,12.8,Unknown,3
鹿川,大竹,19,1,Unknown,3
名古屋,大船渡,470.3,23.5,Unknown,3
伏木富山,大船渡,540,27,Unknown,3
川崎,大船渡,331,16.6,Unknown,3
御前崎,大船渡,371,18.6,Unknown,3
木更津,大船渡,336.8,16.8,Unknown,3
長崎,大船渡,960,48,Unknown,3
坂出,大阪,79,4,Unknown,3
志布志,大阪,307.3,15.4,Unknown,3
木更津,大阪,357.5,17.9,Unknown,3
松山,大阪,157,7.9,Unknown,3
釜石,大阪,641.8,32.1,Unknown,3
釧路,大阪,877.9,43.9,Unknown,3
小名浜,姫川,646.2,32.3,Unknown,3
横浜,姫川,796,39.8,Unknown,3
水島,姫川,619.3,31,Unknown,3
苫小牧,姫川,338,16.9,Unknown,3
宮崎,姫路,265,13.3,Unknown,3
岩国,姫路,145,7.3,Unknown,3
松山,姫路,120.3,6,Unknown,3
横浜,姫路,366.8,18.3,Unknown,3
北九州,宇和島,105,5.3,Unknown,3
千葉,宇和島,499,25,Unknown,3
博多,宇和島,166,8.3,Unknown,3
坂出,宇和島,158,7.9,Unknown,3
境,宇和島,104,5.2,Unknown,3
津久見,宇和島,36.3,1.8,Unknown,3
津久見,宇島,72.5,3.6,Unknown,3
三池,宇部,195,9.8,Unknown,3
徳島小松島,宇部,10,0.5,Unknown,3
笠岡,宇部,140,7,Unknown,3
千葉,宇野,333,16.7,Unknown,3
博多,宇野,237,11.9,Unknown,3
津久見,宇野,147,7.4,Unknown,3
仙台塩釜,宮古,122,6.1,Unknown,3
苫小牧,宮古,180,9,Unknown,3
北九州,宮崎,186,9.3,Unknown,3
博多,宮崎,230,11.5,Unknown,3
細島,宮崎,37,1.9,Unknown,3
大分,宿毛湾,67.2,3.4,Unknown,3
宇部,宿毛湾,95,4.8,Unknown,3
神戸,宿毛湾,150,7.5,Unknown,3
千葉,伏木富山,854.5,42.7,Unknown,3
四日市,伏木富山,905,45.3,Unknown,3
堺泉北,伏木富山,708,35.4,Unknown,3
姫川,伏木富山,37,1.9,Unknown,3
川崎,伏木富山,859.8,43,Unknown,3
水島,伏木富山,633.3,31.7,Unknown,3
苅田,小名浜,659.1,33,Unknown,3
赤穂,小名浜,484,24.2,Unknown,3
長崎,小名浜,819.7,41,Unknown,3
清水,徳島小松島,250,12.5,Unknown,3
留萌,徳島小松島,1000,50,Unknown,3
八戸,小樽,305.5,15.3,Unknown,3
神戸,小樽,1003,50.2,Unknown,3
秋田,小樽,283,14.2,Unknown,3
網走,小樽,299.6,15,Unknown,3
苫小牧,小樽,283,14.2,Unknown,3
鹿島,小樽,596,29.8,Unknown,3
福山,小野田,137,6.9,Unknown,3
青森,尻屋岬,60,3,Unknown,3
むつ小川原,尼崎西宮芦屋,730,36.5,Unknown,3
和歌山下津,尼崎西宮芦屋,36,1.8,Unknown,3
四日市,尼崎西宮芦屋,236,11.8,Unknown,3
姫路,尼崎西宮芦屋,40,2,Unknown,3
横浜,尼崎西宮芦屋,358,17.9,Unknown,3
津久見,尼崎西宮芦屋,212.8,10.6,Unknown,3
福山,尾道糸崎,21.1,1.1,Unknown,3
北九州,岡山,191,9.6,Unknown,3
名古屋,岡山,311.5,15.6,Unknown,3
坂出,岡山,25,1.3,Unknown,3
広島,岡山,94.9,4.7,Unknown,3
東京,岡山,394,19.7,Unknown,3
水島,岡山,30.9,1.5,Unknown,3
津久見,岡山,154,7.7,Unknown,3
神戸,岡山,67.4,3.4,Unknown,3
苅田,岡山,187,9.4,Unknown,3
久慈,岩国,800,40,Unknown,3
松山,岩国,34,1.7,Unknown,3
苅田,岩国,81,4.1,Unknown,3
大分,川内,220,11,Unknown,3
徳島小松島,川崎,322,16.1,Unknown,3
網走,川崎,785,39.3,Unknown,3
苅田,平生,53,2.7,Unknown,3
中城湾,平良,183,9.2,Unknown,3
新居浜,平良,484,24.2,Unknown,3
那覇,平良,170,8.5,Unknown,3
三島川之江,広島,61,3.1,Unknown,3
中津,広島,82,4.1,Unknown,3
和歌山下津,広島,179.3,9,Unknown,3
姫路,広島,127,6.4,Unknown,3
東予,広島,39,2,Unknown,3
衣浦,広島,344.4,17.2,Unknown,3
東京,御前崎,121.8,6.1,Unknown,3
苅田,御前崎,431,21.6,Unknown,3
鹿島,御前崎,187.9,9.4,Unknown,3
竹原,徳山下松,86,4.3,Unknown,3
伏木富山,徳島小松島,700,35,Unknown,3
福山,徳島小松島,86.7,4.3,Unknown,3
船川,徳島小松島,839,42,Unknown,3
大分,志布志,160.1,8,Unknown,3
姫路,志布志,323,16.2,Unknown,3
川崎,志布志,523,26.2,Unknown,3
横浜,志布志,523,26.2,Unknown,3
大分,東播磨,182,9.1,Unknown,3
田子の浦,東播磨,294,14.7,Unknown,3
衣浦,東播磨,223,11.2,Unknown,3
宇部,敦賀,340,17,Unknown,3
横浜,敦賀,864,43.2,Unknown,3
津久見,敦賀,400.8,20,Unknown,3
呉,新居浜,41.7,2.1,Unknown,3
仙台塩釜,新居浜,621,31.1,Unknown,3
四日市,新潟,878,43.9,Unknown,3
坂出,新潟,657.5,32.9,Unknown,3
岩国,新潟,610,30.5,Unknown,3
東播磨,新潟,721,36.1,Unknown,3
清水,新潟,798,39.9,Unknown,3
神戸,新潟,737,36.9,Unknown,3
苅田,新潟,518.5,25.9,Unknown,3
苫小牧,釧路,172,8.6,Unknown,3
川崎,明石,350,17.5,Unknown,3
水島,明石,71.7,3.6,Unknown,3
津久見,明石,205.4,10.3,Unknown,3
苅田,明石,220,11,Unknown,3
新宮,木更津,230,11.5,Unknown,3
白老,木更津,537.3,26.9,Unknown,3
下関,東予,128,6.4,Unknown,3
大分,東予,97,4.9,Unknown,3
徳島小松島,東予,100,5,Unknown,3
八戸,東京,437.3,21.9,Unknown,3
宇野,東京,376.9,18.8,Unknown,3
小野田,東京,543.8,27.2,Unknown,3
岩国,東京,475,23.8,Unknown,3
川内,東京,650,32.5,Unknown,3
川崎,東京,10,0.5,Unknown,3
新居浜,東京,462,23.1,Unknown,3
油津,東京,507,25.4,Unknown,3
清水,東京,120,6,Unknown,3
細島,東京,474,23.7,Unknown,3
苫小牧,東京,561.5,28.1,Unknown,3
赤穂,東京,371,18.6,Unknown,3
釧路,東京,603.8,30.2,Unknown,3
むつ小川原,東播磨,760,38,Unknown,3
宮津,松山,395,19.8,Unknown,3
川崎,松島,286,14.3,Unknown,3
苅田,松島,137.5,6.9,Unknown,3
唐津,松浦,35,1.8,Unknown,3
堺泉北,津松阪,225,11.3,Unknown,3
留萌,柏崎,396,19.8,Unknown,3
秋田,柏崎,165,8.3,Unknown,3
呉,横浜,483.2,24.2,Unknown,3
大分,横浜,493.6,24.7,Unknown,3
広島,横浜,477,23.9,Unknown,3
明石,横浜,345,17.3,Unknown,3
沼津,横浜,112,5.6,Unknown,3
網走,横浜,789.4,39.5,Unknown,3
鹿島,横浜,130,6.5,Unknown,3
衣浦,横須賀,192,9.6,Unknown,3
高知,橘,90,4.5,Unknown,3
呉,水俣,343,17.2,Unknown,3
苅田,水俣,237,11.9,Unknown,3
三河,水島,247,12.4,Unknown,3
清水,水島,312,15.6,Unknown,3
志布志,油津,29,1.5,Unknown,3
新居浜,油津,206,10.3,Unknown,3
津久見,油津,115,5.8,Unknown,3
津久見,沼津,408,20.4,Unknown,3
東播磨,津久見,195,9.8,Unknown,3
横浜,津久見,469,23.5,Unknown,3
相馬,津久見,664,33.2,Unknown,3
福山,木更津,268,13.4,Unknown,3
北九州,浜田,103,5.2,Unknown,3
苅田,浜田,121,6.1,Unknown,3
小名浜,清水,242.6,12.1,Unknown,3
神戸,清水,262.4,13.1,Unknown,3
苅田,清水,467.5,23.4,Unknown,3
尼崎西宮芦屋,熊本,180,9,Unknown,3
大分,田子の浦,420.5,21,Unknown,3
小名浜,田子の浦,245,12.3,Unknown,3
川崎,田子の浦,121,6.1,Unknown,3
赤穂,田子の浦,302.3,15.1,Unknown,3
鹿島,田子の浦,189.8,9.5,Unknown,3
坂出,留萌,1010,50.5,Unknown,3
小樽,留萌,57,2.9,Unknown,3
赤穂,留萌,1011,50.6,Unknown,3
川崎,白老,542.8,27.1,Unknown,3
釧路,白老,179.7,9,Unknown,3
鹿島,直江津,658.3,32.9,Unknown,3
東播磨,相生,23,1.2,Unknown,3
堺泉北,相生,50.5,2.5,Unknown,3
福山,相生,73.3,3.7,Unknown,3
姫路,相馬,564.5,28.2,Unknown,3
苅田,相馬,711,35.6,Unknown,3
那覇,石垣,235,11.8,Unknown,3
八戸,石狩湾新,307.1,15.4,Unknown,3
呉,石狩湾新,862.8,43.1,Unknown,3
坂出,石狩湾新,952,47.6,Unknown,3
木更津,石狩湾新,732,36.6,Unknown,3
東播磨,石狩湾新,1023,51.2,Unknown,3
唐津,神戸,299,15,Unknown,3
川内,神戸,401,20.1,Unknown,3
留萌,神戸,1033,51.7,Unknown,3
網走,神戸,1069.5,53.5,Unknown,3
金沢,神戸,595.4,29.8,Unknown,3
宇部,福井,235,11.8,Unknown,3
東播磨,福井,552,27.6,Unknown,3
福山,福井,468.4,23.4,Unknown,3
八代,福山,348,17.4,Unknown,3
姫路,福山,76.7,3.8,Unknown,3
室蘭,福山,883,44.2,Unknown,3
川崎,福山,400,20,Unknown,3
衣浦,福山,259,13,Unknown,3
須崎,福山,205,10.3,Unknown,3
名古屋,秋田,777,38.9,Unknown,3
坂出,秋田,762,38.1,Unknown,3
宇部,秋田,608,30.4,Unknown,3
室蘭,秋田,205,10.3,Unknown,3
川崎,秋田,664,33.2,Unknown,3
横浜,秋田,650.5,32.5,Unknown,3
水俣,秋田,752.7,37.6,Unknown,3
苅田,秋田,606.2,30.3,Unknown,3
鹿島,秋田,523.8,26.2,Unknown,3
留萌,稚内,110.5,5.5,Unknown,3
姫路,竹原,100,5,Unknown,3
相生,竹原,150,7.5,Unknown,3
津久見,笠岡,120,6,Unknown,3
川崎,笠岡,399.7,20,Unknown,3
千葉,米之津,748.3,37.4,Unknown,3
名古屋,米之津,527,26.4,Unknown,3
苫小牧,米之津,917,45.9,Unknown,3
留萌,紋別,219,11,Unknown,3
佐賀関,細島,75,3.8,Unknown,3
四日市,細島,345,17.3,Unknown,3
津久見,細島,60.2,3,Unknown,3
宮崎,網走,1131,56.6,Unknown,3
田子の浦,網走,852.5,42.6,Unknown,3
小野田,能代,616,30.8,Unknown,3
横浜,能代,620.5,31,Unknown,3
長崎,能代,728,36.4,Unknown,3
宇部,舞鶴,318.2,15.9,Unknown,3
細島,舞鶴,428,21.4,Unknown,3
赤穂,舞鶴,500.8,25,Unknown,3
十勝,船川,278.5,13.9,Unknown,3
川崎,船川,656,32.8,Unknown,3
直江津,尼崎西宮芦屋,112.5,5.6,Unknown,3
佐賀関,苅田,69,3.5,Unknown,3
川崎,苅田,533.3,26.7,Unknown,3
新居浜,苅田,128.5,6.4,Unknown,3
三河,苫小牧,682,34.1,Unknown,3
呉,苫小牧,890,44.5,Unknown,3
新潟,苫小牧,308.1,15.4,Unknown,3
福山,苫小牧,870,43.5,Unknown,3
苅田,苫小牧,769,38.5,Unknown,3
赤穂,苫小牧,838,41.9,Unknown,3
川崎,衣浦,190,9.5,Unknown,3
橘,衣浦,186,9.3,Unknown,3
苅田,衣浦,399.8,20,Unknown,3
水島,詫間,17,0.9,Unknown,3
赤穂,詫間,48,2.4,Unknown,3
下関,赤穂,173,8.7,Unknown,3
福山,赤穂,59.6,3,Unknown,3
鹿島,赤穂,457.8,22.9,Unknown,3
博多,那覇,510.6,25.5,Unknown,3
名古屋,那覇,751,37.6,Unknown,3
広島,那覇,593,29.7,Unknown,3
横浜,那覇,860,43,Unknown,3
青森,那覇,1223,61.2,Unknown,3
鹿児島,那覇,369,18.5,Unknown,3
苫小牧,酒田,256,12.8,Unknown,3
須崎,酒田,738.5,36.9,Unknown,3
苅田,金武湾,552,27.6,Unknown,3
大分,金沢,419,21,Unknown,3
大阪,金沢,356,17.8,Unknown,3
尻屋岬,金沢,384,19.2,Unknown,3
八戸,釜石,92.5,4.6,Unknown,3
和歌山下津,釜石,602,30.1,Unknown,3
大井川,釜石,390,19.5,Unknown,3
小名浜,釜石,160,8,Unknown,3
清水,釜石,391,19.6,Unknown,3
八戸,釧路,192,9.6,Unknown,3
坂出,釧路,895,44.8,Unknown,3
宇部,釧路,894.8,44.7,Unknown,3
横浜,釧路,593,29.7,Unknown,3
水島,釧路,901,45.1,Unknown,3
田子の浦,釧路,635.7,31.8,Unknown,3
苅田,釧路,909,45.5,Unknown,3
衣浦,釧路,716,35.8,Unknown,3
赤穂,釧路,872,43.6,Unknown,3
三島川之江,長崎,275,13.8,Unknown,3
北九州,長崎,154,7.7,Unknown,3
堺泉北,長崎,381,19.1,Unknown,3
境,長崎,144.4,7.2,Unknown,3
大阪,長崎,381,19.1,Unknown,3
宇部,長崎,174,8.7,Unknown,3
福山,長崎,294.3,14.7,Unknown,3
釧路,長崎,950,47.5,Unknown,3
津久見,長浜,180,9,Unknown,3
東播磨,阪南,45,2.3,Unknown,3
函館,青森,56,2.8,Unknown,3
大船渡,青森,241.5,12.1,Unknown,3
姫川,青森,313.3,15.7,Unknown,3
小樽,青森,233,11.7,Unknown,3
川崎,青森,559,28,Unknown,3
釧路,青森,241.6,12.1,Unknown,3
下関,須崎,167,8.4,Unknown,3
舞鶴,須崎,480,24,Unknown,3
八戸,館山,401.9,20.1,Unknown,3
津久見,館山,444,22.2,Unknown,3
堺泉北,高松,71,3.6,Unknown,3
東播磨,高松,44,2.2,Unknown,3
津久見,高松,152,7.6,Unknown,3
苅田,高松,172,8.6,Unknown,3
鹿島,高松,438,21.9,Unknown,3
坂出,高知,188.7,9.4,Unknown,3
堺泉北,高知,120,6,Unknown,3
姫路,高知,137.4,6.9,Unknown,3
水島,高知,170,8.5,Unknown,3
姫川,鳥取,250,12.5,Unknown,3
敦賀,鳥取,100.8,5,Unknown,3
東播磨,鳥取,452,22.6,Unknown,3
津久見,鳥取,309.8,15.5,Unknown,3
苅田,鳥取,245,12.3,Unknown,3
釧路,鳥取,660,33,Unknown,3
新宮,鵜殿,1,0.1,Unknown,3
伊万里,鹿児島,210.9,10.5,Unknown,3
須崎,鹿児島,257,12.9,Unknown,3
長浜,鹿島,453,22.7,Unknown,3
伊万里,鹿島,697.5,34.9,Unknown,3
橘,鹿島,387,19.4,Unknown,3
相生,鹿島,446,22.3,Unknown,3
横浜,むつ小川原,435,21.8,Unknown,3
和歌山下津,七尾,725,36.3,Unknown,3
宇部,七尾,473,23.7,Unknown,3
尻屋岬,七尾,369,18.5,Unknown,3
岩国,七尾,600,30,Unknown,3
水島,七尾,612,30.6,Unknown,3
福山,七尾,597.6,29.9,Unknown,3
笠岡,七尾,641,32.1,Unknown,3
青森,七尾,397,19.9,Unknown,3
函館,長浜,75,3.8,Unknown,3
千葉,三島川之江,365,18.3,Unknown,3
川崎,三島川之江,409,20.5,Unknown,3
東播磨,三島川之江,90,4.5,Unknown,3
水島,三島川之江,34.1,1.7,Unknown,3
田子の浦,三島川之江,342,17.1,Unknown,3
横浜,三島川之江,403,20.2,Unknown,3
福山,三島川之江,25,1.3,Unknown,3
細島,三島川之江,174,8.7,Unknown,3
鹿島,三島川之江,472,23.6,Unknown,3
中城湾,三池,442,22.1,Unknown,3
佐賀関,三池,290.5,14.5,Unknown,3
函館,三池,864,43.2,Unknown,3
堺泉北,三池,426,21.3,Unknown,3
姫路,三池,430,21.5,Unknown,3
伏木富山,三池,596.3,29.8,Unknown,3
新居浜,三池,311,15.6,Unknown,3
東播磨,三池,398,19.9,Unknown,3
松浦,三池,124,6.2,Unknown,3
横浜,三池,85,4.3,Unknown,3
水島,三池,350.4,17.5,Unknown,3
直江津,三池,253,12.7,Unknown,3
石狩湾新,三池,915,45.8,Unknown,3
神戸,三池,369,18.5,Unknown,3
苫小牧,三池,890,44.5,Unknown,3
衣浦,三池,546,27.3,Unknown,3
呉,三河,362,18.1,Unknown,3
大分,三河,350,17.5,Unknown,3
川崎,三河,190.4,9.5,Unknown,3
福山,三河,263,13.2,Unknown,3
徳山下松,三田尻中関,12,0.6,Unknown,3
大分,三田尻中関,46,2.3,Unknown,3
徳島小松島,三田尻中関,190,9.5,Unknown,3
水島,三田尻中関,136.6,6.8,Unknown,3
福山,三田尻中関,110,5.5,Unknown,3
衣浦,三田尻中関,346,17.3,Unknown,3
鹿児島,三田尻中関,272,13.6,Unknown,3
鹿島,三田尻中関,579.5,29,Unknown,3
名古屋,三隅,574,28.7,Unknown,3
和歌山下津,三隅,340,17,Unknown,3
横浜,三隅,655,32.8,Unknown,3
津久見,三隅,180,9,Unknown,3
高松,三隅,287,14.4,Unknown,3
詫間,徳山下松,105,5.3,Unknown,3
徳山下松,下関,49,2.5,Unknown,3
佐賀関,下関,74,3.7,Unknown,3
千葉,下関,556,27.8,Unknown,3
四日市,下関,421,21.1,Unknown,3
堺泉北,下関,252,12.6,Unknown,3
大分,下関,74.2,3.7,Unknown,3
姫路,下関,217,10.9,Unknown,3
宇部,下関,17.7,0.9,Unknown,3
川崎,下関,565.1,28.3,Unknown,3
松浦,下関,93,4.7,Unknown,3
高知,下関,210,10.5,Unknown,3
三角,中城湾,420,21,Unknown,3
名古屋,中城湾,720,36,Unknown,3
坂出,中城湾,630,31.5,Unknown,3
大阪,中城湾,655,32.8,Unknown,3
松浦,中城湾,491,24.6,Unknown,3
横須賀,中城湾,870,43.5,Unknown,3
宇部,中城湾,560,28,Unknown,3
大分,中津,47,2.4,Unknown,3
大阪,中津,230,11.5,Unknown,3
宇部,中津,26,1.3,Unknown,3
千葉,丸亀,429,21.5,Unknown,3
和歌山下津,丸亀,100,5,Unknown,3
堺泉北,丸亀,89.5,4.5,Unknown,3
尼崎西宮芦屋,丸亀,87,4.4,Unknown,3
東播磨,丸亀,65.3,3.3,Unknown,3
橘,丸亀,76,3.8,Unknown,3
福山,丸亀,25.8,1.3,Unknown,3
秋田,丸亀,770,38.5,Unknown,3
長崎,丸亀,318,15.9,Unknown,3
和歌山下津,久慈,666.7,33.3,Unknown,3
小名浜,久慈,216,10.8,Unknown,3
鹿島,久慈,270,13.5,Unknown,3
名古屋,今治,316,15.8,Unknown,3
大阪,今治,113.2,5.7,Unknown,3
姫路,今治,96,4.8,Unknown,3
宇部,今治,101,5.1,Unknown,3
東播磨,今治,109,5.4,Unknown,3
東予,今治,9,0.5,Unknown,3
東京,今治,465,23.3,Unknown,3
神戸,今治,120,6,Unknown,3
高松,今治,58,2.9,Unknown,3
鹿島,今治,532,26.6,Unknown,3
別府,仙台塩釜,564,28.2,Unknown,3
小野田,仙台塩釜,734.5,36.7,Unknown,3
広島,仙台塩釜,650,32.5,Unknown,3
笠岡,仙台塩釜,616.7,30.8,Unknown,3
十勝,伊万里,877,43.9,Unknown,3
千葉,伊万里,669,33.5,Unknown,3
岡山,伊万里,245,12.3,Unknown,3
新居浜,伊万里,223.3,11.2,Unknown,3
釧路,伊万里,950,47.5,Unknown,3
高知,伊万里,306.5,15.3,Unknown,3
岩国,伏木富山,575,28.8,Unknown,3
大分,伏木富山,539,27,Unknown,3
鹿島,伏木富山,715,35.8,Unknown,3
堺泉北,佐世保,370,18.5,Unknown,3
宇部,佐世保,157.9,7.9,Unknown,3
徳山下松,佐世保,188,9.4,Unknown,3
東播磨,佐世保,357,17.9,Unknown,3
水島,佐世保,270,13.5,Unknown,3
千葉,佐伯,481,24.1,Unknown,3
名古屋,佐伯,340,17,Unknown,3
松浦,佐伯,178.7,8.9,Unknown,3
田子の浦,佐伯,394.8,19.7,Unknown,3
鹿児島,佐伯,166,8.3,Unknown,3
新居浜,佐賀関,95,4.8,Unknown,3
横浜,佐賀関,469,23.5,Unknown,3
高知,佐賀関,141,7.1,Unknown,3
宇部,鹿児島,178,8.9,Unknown,3
唐津,八代,152.7,7.6,Unknown,3
岩国,八代,298,14.9,Unknown,3
川崎,八代,670,33.5,Unknown,3
東播磨,八代,417,20.9,Unknown,3
横浜,八代,680,34,Unknown,3
秋田,八代,756,37.8,Unknown,3
苫小牧,八代,924,46.2,Unknown,3
鹿児島,八代,139,7,Unknown,3
鹿島,八代,757,37.9,Unknown,3
佐賀関,八戸,830,41.5,Unknown,3
函館,八戸,98.3,4.9,Unknown,3
和歌山下津,八戸,626.7,31.3,Unknown,3
大船渡,八戸,111.5,5.6,Unknown,3
尻屋岬,八戸,52,2.6,Unknown,3
尼崎西宮芦屋,八戸,716,35.8,Unknown,3
橘,八戸,675,33.8,Unknown,3
水俣,八戸,919.7,46,Unknown,3
直江津,八戸,379,19,Unknown,3
能代,八戸,191,9.6,Unknown,3
苅田,八戸,790,39.5,Unknown,3
青森,八戸,132,6.6,Unknown,3
高知,八戸,718,35.9,Unknown,3
むつ小川原,内浦,530,26.5,Unknown,3
函館,内浦,456.6,22.8,Unknown,3
十勝,内浦,549,27.5,Unknown,3
別府,函館,813,40.7,Unknown,3
名古屋,函館,672.1,33.6,Unknown,3
四日市,函館,626,31.3,Unknown,3
坂出,函館,873.5,43.7,Unknown,3
伏木富山,函館,352,17.6,Unknown,3
尾道糸崎,函館,865,43.3,Unknown,3
新潟,函館,243,12.2,Unknown,3
東播磨,函館,825,41.3,Unknown,3
堺泉北,函館,809,40.5,Unknown,3
石狩湾新,函館,221,11.1,Unknown,3
酒田,函館,188,9.4,Unknown,3
高松,函館,849,42.5,Unknown,3
むつ小川原,別府,738,36.9,Unknown,3
三池,別府,403,20.2,Unknown,3
和歌山下津,別府,35,1.8,Unknown,3
大竹,別府,155,7.8,Unknown,3
宇部,別府,197.3,9.9,Unknown,3
岡山,別府,46,2.3,Unknown,3
徳山下松,別府,180,9,Unknown,3
徳島小松島,別府,44.2,2.2,Unknown,3
東予,別府,114.9,5.7,Unknown,3
松山,別府,136,6.8,Unknown,3
津久見,別府,42.3,2.1,Unknown,3
神戸,別府,23,1.2,Unknown,3
福山,別府,77,3.9,Unknown,3
笠岡,別府,73.1,3.7,Unknown,3
細島,別府,117.2,5.9,Unknown,3
尼崎西宮芦屋,別府,32,1.6,Unknown,3
苫小牧,別府,833,41.7,Unknown,3
鹿島,別府,432,21.6,Unknown,3
川崎,北九州,551,27.6,Unknown,3
福山,北九州,158.6,7.9,Unknown,3
室蘭,十勝,145,7.3,Unknown,3
小野田,十勝,870.3,43.5,Unknown,3
呉,千葉,501.5,25.1,Unknown,3
多度津,千葉,430,21.5,Unknown,3
岡山,千葉,411.3,20.6,Unknown,3
石垣,千葉,843,42.2,Unknown,3
長崎,千葉,700,35,Unknown,3
宇部,阪南,229,11.5,Unknown,3
小野田,阪南,232.7,11.6,Unknown,3
広島,阪南,145,7.3,Unknown,3
新居浜,阪南,126.9,6.3,Unknown,3
神戸,阪南,12,0.6,Unknown,3
福山,阪南,110,5.5,Unknown,3
衣浦,阪南,224,11.2,Unknown,3
伊万里,博多,50,2.5,Unknown,3
四日市,博多,488.2,24.4,Unknown,3
岩国,博多,154,7.7,Unknown,3
川崎,博多,588,29.4,Unknown,3
御前崎,博多,510,25.5,Unknown,3
敦賀,博多,343,17.2,Unknown,3
浜田,博多,126.7,6.3,Unknown,3
久慈,名古屋,550,27.5,Unknown,3
姫川,名古屋,879,44,Unknown,3
小樽,名古屋,816,40.8,Unknown,3
尼崎西宮芦屋,名古屋,235.9,11.8,Unknown,3
岩国,名古屋,390,19.5,Unknown,3
新潟,名古屋,900.7,45,Unknown,3
木更津,名古屋,30,1.5,Unknown,3
留萌,名古屋,881,44.1,Unknown,3
笠岡,名古屋,270,13.5,Unknown,3
詫間,名古屋,289.4,14.5,Unknown,3
高松,名古屋,287,14.4,Unknown,3
呉,名瀬,409,20.5,Unknown,3
博多,呉,160,8,Unknown,3
尼崎西宮芦屋,呉,157,7.9,Unknown,3
川崎,呉,494.7,24.7,Unknown,3
広島,呉,9,0.5,Unknown,3
東播磨,呉,132,6.6,Unknown,3
橘,呉,152.3,7.6,Unknown,3
細島,呉,127.5,6.4,Unknown,3
大分,和歌山下津,200,10,Unknown,3
三池,和歌山下津,415,20.8,Unknown,3
小野田,和歌山下津,219,11,Unknown,3
木更津,和歌山下津,320,16,Unknown,3
相生,和歌山下津,68.7,3.4,Unknown,3
七尾,唐津,502,25.1,Unknown,3
和歌山下津,唐津,351,17.6,Unknown,3
むつ小川原,四日市,587,29.4,Unknown,3
佐伯,四日市,373,18.7,Unknown,3
新宮,四日市,108,5.4,Unknown,3
東播磨,四日市,230.4,11.5,Unknown,3
留萌,四日市,887,44.4,Unknown,3
福山,四日市,289,14.4,Unknown,3
稚内,四日市,920,46,Unknown,3
笠岡,四日市,270,13.5,Unknown,3
苅田,四日市,407.6,20.4,Unknown,3
那覇,四日市,759,38,Unknown,3
高知,四日市,200,10,Unknown,3
津久見,清水,66,3.3,Unknown,3
川崎,坂出,409.5,20.5,Unknown,3
笠岡,坂出,25.8,1.3,Unknown,3
尼崎西宮芦屋,坂出,83,4.2,Unknown,3
高松,坂出,12,0.6,Unknown,3
尾道糸崎,堺泉北,123,6.2,Unknown,3
橘,堺泉北,57,2.9,Unknown,3
衣浦,堺泉北,210,10.5,Unknown,3
三田尻中関,堺泉北,212,10.6,Unknown,3
唐津,堺泉北,307,15.4,Unknown,3
宿毛湾,堺泉北,209,10.5,Unknown,3
金沢,堺泉北,607,30.4,Unknown,3
尻屋岬,仙台塩釜,231.7,11.6,Unknown,3
岩国,仙台塩釜,671,33.6,Unknown,3
大阪,境,261,13.1,Unknown,3
久慈,境,630,31.5,Unknown,3
岩国,境,310,15.5,Unknown,3
志布志,境,402,20.1,Unknown,3
水島,境,368.6,18.4,Unknown,3
留萌,境,678.3,33.9,Unknown,3
直江津,境,300,15,Unknown,3
紋別,境,850,42.5,Unknown,3
名古屋,多度津,305,15.3,Unknown,3
堺泉北,多度津,90.7,4.5,Unknown,3
大阪,多度津,93,4.7,Unknown,3
姫路,多度津,57,2.9,Unknown,3
宇部,多度津,147.3,7.4,Unknown,3
東播磨,多度津,65.7,3.3,Unknown,3
水島,多度津,15,0.8,Unknown,3
木更津,多度津,250,12.5,Unknown,3
博多,大井川,506,25.3,Unknown,3
呉,大井川,350,17.5,Unknown,3
小名浜,大井川,237,11.9,Unknown,3
徳山下松,大井川,409,20.5,Unknown,3
横浜,大井川,109,5.5,Unknown,3
水島,大井川,312.1,15.6,Unknown,3
仙台塩釜,大井川,282,14.1,Unknown,3
八戸,大井川,445.5,22.3,Unknown,3
岩国,大分,69,3.5,Unknown,3
新潟,大分,576.7,28.8,Unknown,3
福井,大分,406,20.3,Unknown,3
赤穂,大分,167,8.4,Unknown,3
高松,大分,147.7,7.4,Unknown,3
姫路,大竹,145,7.3,Unknown,3
岩国,大竹,8,0.4,Unknown,3
秋田,大竹,692.3,34.6,Unknown,3
鹿島,大船渡,199,10,Unknown,3
呉,大船渡,777,38.9,Unknown,3
大阪,大船渡,619,31,Unknown,3
姫路,大船渡,631,31.6,Unknown,3
宇部,大船渡,792,39.6,Unknown,3
福山,大船渡,672,33.6,Unknown,3
三角,大阪,448,22.4,Unknown,3
佐伯,大阪,234,11.7,Unknown,3
平良,大阪,807,40.4,Unknown,3
徳島小松島,大阪,56,2.8,Unknown,3
田子の浦,大阪,292,14.6,Unknown,3
相生,大阪,50,2.5,Unknown,3
紋別,大阪,1130,56.5,Unknown,3
細島,大阪,265.5,13.3,Unknown,3
網走,大阪,1063,53.2,Unknown,3
舞鶴,大阪,541,27.1,Unknown,3
詫間,大阪,92,4.6,Unknown,3
那覇,大阪,675,33.8,Unknown,3
高松,大阪,75,3.8,Unknown,3
八戸,姫川,403,20.2,Unknown,3
千葉,姫川,822,41.1,Unknown,3
呉,姫川,586,29.3,Unknown,3
坂出,姫川,620,31,Unknown,3
姫路,姫川,675,33.8,Unknown,3
敦賀,姫川,187,9.4,Unknown,3
東予,姫川,587.9,29.4,Unknown,3
松浦,姫川,502,25.1,Unknown,3
福山,姫川,599.4,30,Unknown,3
能代,姫川,221.4,11.1,Unknown,3
境,姫路,240,12,Unknown,3
新居浜,姫路,87.3,4.4,Unknown,3
衣浦,姫路,234.4,11.7,Unknown,3
須崎,姫路,172,8.6,Unknown,3
鹿児島,姫路,385,19.3,Unknown,3
大分,宇和島,48.8,2.4,Unknown,3
岩国,宇和島,105,5.3,Unknown,3
新居浜,宇和島,122.3,6.1,Unknown,3
福山,宇和島,139,7,Unknown,3
松浦,宇島,112.1,5.6,Unknown,3
三田尻中関,宇部,26,1.3,Unknown,3
佐伯,宇部,83,4.2,Unknown,3
尼崎西宮芦屋,宇部,231.5,11.6,Unknown,3
尾道糸崎,宇部,116,5.8,Unknown,3
松島,宇部,144,7.2,Unknown,3
相生,宇部,163,8.2,Unknown,3
高知,宇部,180,9,Unknown,3
四日市,宇野,244.9,12.2,Unknown,3
宇部,宇野,160,8,Unknown,3
徳島小松島,宇野,55,2.8,Unknown,3
東播磨,宇野,53.3,2.7,Unknown,3
水島,宇野,20,1,Unknown,3
秋田,宇野,762,38.1,Unknown,3
苅田,宇野,172,8.6,Unknown,3
高知,宇野,201,10.1,Unknown,3
坂出,室蘭,883.2,44.2,Unknown,3
大船渡,室蘭,231,11.6,Unknown,3
水島,室蘭,849,42.5,Unknown,3
浜田,室蘭,728,36.4,Unknown,3
笠岡,室蘭,860,43,Unknown,3
唐津,宮古,496,24.8,Unknown,3
七尾,宮古,495,24.8,Unknown,3
和歌山下津,宮古,625,31.3,Unknown,3
多度津,宮古,683,34.2,Unknown,3
大阪,宮古,661,33.1,Unknown,3
水島,宮古,722,36.1,Unknown,3
鹿島,宮古,240,12,Unknown,3
名古屋,宮崎,384,19.2,Unknown,3
堺泉北,宮崎,282.5,14.1,Unknown,3
御前崎,宮崎,420,21,Unknown,3
志布志,宮崎,55,2.8,Unknown,3
福山,宮崎,201,10.1,Unknown,3
笠岡,宮崎,205,10.3,Unknown,3
福山,宮津,448,22.4,Unknown,3
徳山下松,宿毛湾,98,4.9,Unknown,3
津久見,宿毛湾,50,2.5,Unknown,3
名古屋,伏木富山,889.9,44.5,Unknown,3
坂出,伏木富山,649,32.5,Unknown,3
小名浜,伏木富山,669,33.5,Unknown,3
釧路,伏木富山,535,26.8,Unknown,3
伏木富山,富岡,645,32.3,Unknown,3
和歌山下津,富岡,30,1.5,Unknown,3
大阪,富岡,58,2.9,Unknown,3
尼崎西宮芦屋,富岡,57.7,2.9,Unknown,3
広島,富岡,132.5,6.6,Unknown,3
徳山下松,富岡,193,9.7,Unknown,3
徳島小松島,富岡,10,0.5,Unknown,3
水島,富岡,71,3.6,Unknown,3
細島,富岡,201,10.1,Unknown,3
坂出,小名浜,518,25.9,Unknown,3
新居浜,小名浜,538,26.9,Unknown,3
衣浦,小名浜,316,15.8,Unknown,3
小名浜,徳島小松島,455,22.8,Unknown,3
川内,徳島小松島,365,18.3,Unknown,3
仙台塩釜,小樽,469,23.5,Unknown,3
室蘭,小樽,278,13.9,Unknown,3
堺泉北,小野田,160,8,Unknown,3
宇和島,小野田,92,4.6,Unknown,3
尼崎西宮芦屋,小野田,235.8,11.8,Unknown,3
東予,小野田,121.7,6.1,Unknown,3
東播磨,小野田,213,10.7,Unknown,3
松山,小野田,80,4,Unknown,3
横浜,小野田,527,26.4,Unknown,3
水島,小野田,160,8,Unknown,3
高知,小野田,185,9.3,Unknown,3
名古屋,尻屋岬,613,30.7,Unknown,3
釧路,尻屋岬,169,8.5,Unknown,3
鹿島,尻屋岬,440,22,Unknown,3
三池,尼崎西宮芦屋,460.4,23,Unknown,3
千葉,尼崎西宮芦屋,387.6,19.4,Unknown,3
堺泉北,尼崎西宮芦屋,7,0.4,Unknown,3
仙台塩釜,尼崎西宮芦屋,573,28.7,Unknown,3
大竹,尼崎西宮芦屋,175,8.8,Unknown,3
室蘭,尼崎西宮芦屋,825,41.3,Unknown,3
宿毛湾,尼崎西宮芦屋,253,12.7,Unknown,3
徳山下松,尼崎西宮芦屋,208.3,10.4,Unknown,3
東京,尼崎西宮芦屋,358,17.9,Unknown,3
松山,尼崎西宮芦屋,157,7.9,Unknown,3
浜田,尼崎西宮芦屋,356.5,17.8,Unknown,3
相生,尼崎西宮芦屋,55,2.8,Unknown,3
相馬,尼崎西宮芦屋,535,26.8,Unknown,3
竹原,尼崎西宮芦屋,138,6.9,Unknown,3
笠岡,尼崎西宮芦屋,103,5.2,Unknown,3
細島,尼崎西宮芦屋,247,12.4,Unknown,3
尼崎西宮芦屋,尼崎西宮芦屋,280,14,Unknown,3
苫小牧,尼崎西宮芦屋,800,40,Unknown,3
衣浦,尼崎西宮芦屋,226,11.3,Unknown,3
赤穂,尼崎西宮芦屋,54.5,2.7,Unknown,3
須崎,尼崎西宮芦屋,163,8.2,Unknown,3
高松,尼崎西宮芦屋,58,2.9,Unknown,3
高知,尼崎西宮芦屋,149,7.5,Unknown,3
千葉,尾道糸崎,428,21.4,Unknown,3
小野田,尾道糸崎,126,6.3,Unknown,3
東播磨,尾道糸崎,88,4.4,Unknown,3
横浜,尾鷲,224.8,11.2,Unknown,3
佐賀関,岡山,155.7,7.8,Unknown,3
十勝,岡山,841,42.1,Unknown,3
四日市,岡山,250,12.5,Unknown,3
小野田,岡山,180,9,Unknown,3
徳山下松,岡山,158.2,7.9,Unknown,3
新居浜,岡山,63.5,3.2,Unknown,3
木更津,岡山,275,13.8,Unknown,3
田子の浦,岡山,339,17,Unknown,3
相生,岡山,32,1.6,Unknown,3
福山,岡山,53,2.7,Unknown,3
細島,岡山,223,11.2,Unknown,3
鹿島,岡山,484.5,24.2,Unknown,3
三池,岩国,270,13.5,Unknown,3
八戸,岩国,898,44.9,Unknown,3
横浜,岩国,488,24.4,Unknown,3
秋田,岩国,689,34.5,Unknown,3
笠岡,岩国,76,3.8,Unknown,3
釧路,岩国,1006.3,50.3,Unknown,3
鹿島,岩国,561,28.1,Unknown,3
八戸,三島川之江,765,38.3,Unknown,3
姫路,三島川之江,84,4.2,Unknown,3
尼崎西宮芦屋,三島川之江,110,5.5,Unknown,3
津久見,三島川之江,124.3,6.2,Unknown,3
高松,三島川之江,45,2.3,Unknown,3
伊万里,川内,121,6.1,Unknown,3
阪南,川内,419,21,Unknown,3
堺泉北,川内,438,21.9,Unknown,3
徳山下松,川内,263.3,13.2,Unknown,3
新居浜,川内,330.7,16.5,Unknown,3
水島,川内,366,18.3,Unknown,3
中城湾,川崎,870.4,43.5,Unknown,3
東播磨,川崎,360,18,Unknown,3
津松阪,川崎,198,9.9,Unknown,3
留萌,川崎,750,37.5,Unknown,3
竹原,川崎,455.5,22.8,Unknown,3
詫間,川崎,393,19.7,Unknown,3
長崎,川崎,628,31.4,Unknown,3
高知,川崎,374.5,18.7,Unknown,3
笠岡,平生,100,5,Unknown,3
船川,平生,643.3,32.2,Unknown,3
徳山下松,平良,707,35.4,Unknown,3
十勝,広島,728,36.4,Unknown,3
大船渡,広島,751.3,37.6,Unknown,3
宮崎,広島,172,8.6,Unknown,3
川崎,広島,487.5,24.4,Unknown,3
東京,広島,507.1,25.4,Unknown,3
東播磨,広島,129,6.5,Unknown,3
松山,広島,34,1.7,Unknown,3
笠岡,広島,74,3.7,Unknown,3
紋別,広島,1096,54.8,Unknown,3
須崎,広島,202,10.1,Unknown,3
和歌山下津,御前崎,210,10.5,Unknown,3
東予,御前崎,347,17.4,Unknown,3
沼津,御前崎,42,2.1,Unknown,3
衣浦,御前崎,89.1,4.5,Unknown,3
今治,徳山下松,75,3.8,Unknown,3
佐伯,徳山下松,72,3.6,Unknown,3
小名浜,徳山下松,626,31.3,Unknown,3
松島,徳山下松,188,9.4,Unknown,3
松浦,徳山下松,140.2,7,Unknown,3
細島,徳山下松,111,5.6,Unknown,3
須崎,徳山下松,156.2,7.8,Unknown,3
堺泉北,徳島小松島,48,2.4,Unknown,3
姫路,徳島小松島,44,2.2,Unknown,3
新居浜,徳島小松島,92,4.6,Unknown,3
神戸,徳島小松島,53,2.7,Unknown,3
鹿島,徳島小松島,403,20.2,Unknown,3
函館,志布志,910,45.5,Unknown,3
十勝,志布志,1070,53.5,Unknown,3
大竹,東播磨,153,7.7,Unknown,3
福山,東播磨,75,3.8,Unknown,3
鹿島,東播磨,432,21.6,Unknown,3
七尾,敦賀,203,10.2,Unknown,3
徳山下松,敦賀,378,18.9,Unknown,3
水島,敦賀,481.3,24.1,Unknown,3
神戸,敦賀,568,28.4,Unknown,3
福山,敦賀,462.8,23.1,Unknown,3
苅田,敦賀,341.2,17.1,Unknown,3
八戸,新居浜,765,38.3,Unknown,3
細島,新居浜,144,7.2,Unknown,3
鹿川,新居浜,59,3,Unknown,3
姫路,岡山,38,1.9,Unknown,3
長崎,新潟,610,30.5,Unknown,3
七尾,新潟,118,5.9,Unknown,3
北九州,新潟,514.6,25.7,Unknown,3
十勝,新潟,375,18.8,Unknown,3
仙台塩釜,新潟,511.3,25.6,Unknown,3
安芸津,新潟,629,31.5,Unknown,3
尻屋岬,新潟,271,13.6,Unknown,3
和歌山下津,日高,29.6,1.5,Unknown,3
神戸,日高,65,3.3,Unknown,3
尾道糸崎,明石,96,4.8,Unknown,3
笠岡,明石,82.3,4.1,Unknown,3
呉,木更津,510,25.5,Unknown,3
四日市,木更津,203,10.2,Unknown,3
新居浜,木更津,460,23,Unknown,3
東播磨,木更津,356,17.8,Unknown,3
水島,木更津,231,11.6,Unknown,3
衣浦,木更津,185,9.3,Unknown,3
須崎,木更津,377.7,18.9,Unknown,3
志布志,本部,363,18.2,Unknown,3
博多,東予,198,9.9,Unknown,3
姫路,東予,96,4.8,Unknown,3
東播磨,東予,96,4.8,Unknown,3
横浜,東予,414.8,20.7,Unknown,3
津久見,東予,108.6,5.4,Unknown,3
福山,東予,34,1.7,Unknown,3
衣浦,東予,316,15.8,Unknown,3
久慈,東京,420,21,Unknown,3
十勝,東京,558,27.9,Unknown,3
吉津,東京,143,7.2,Unknown,3
四日市,東京,162,8.1,Unknown,3
多度津,東京,403.5,20.2,Unknown,3
小名浜,東京,178,8.9,Unknown,3
小樽,東京,760,38,Unknown,3
尻屋岬,東京,491,24.6,Unknown,3
木更津,東京,20.4,1,Unknown,3
松浦,東京,629,31.5,Unknown,3
橘,東京,320,16,Unknown,3
水島,東京,388,19.4,Unknown,3
那覇,東京,907.8,45.4,Unknown,3
長崎,東京,700,35,Unknown,3
鵜殿,東京,241.9,12.1,Unknown,3
中城湾,東播磨,659,33,Unknown,3
熊本,東播磨,405,20.3,Unknown,3
苫小牧,東播磨,833,41.7,Unknown,3
博多,松山,154,7.7,Unknown,3
呉,松山,27,1.4,Unknown,3
和歌山下津,松山,148,7.4,Unknown,3
衣浦,松山,321.5,16.1,Unknown,3
大分,松島,288,14.4,Unknown,3
水島,松浦,289.8,14.5,Unknown,3
名古屋,津松阪,26.7,1.3,Unknown,3
四日市,津松阪,20,1,Unknown,3
新宮,津松阪,104,5.2,Unknown,3
木更津,津松阪,198,9.9,Unknown,3
東播磨,津松阪,244,12.2,Unknown,3
沼津,津松阪,131.1,6.6,Unknown,3
苫小牧,津松阪,670,33.5,Unknown,3
金沢,柳井,410,20.5,Unknown,3
今治,横浜,429,21.5,Unknown,3
佐伯,横浜,464,23.2,Unknown,3
大竹,横浜,466,23.3,Unknown,3
徳島小松島,横浜,321,16.1,Unknown,3
留萌,横浜,740,37,Unknown,3
笠岡,横浜,436,21.8,Unknown,3
長崎,横浜,666,33.3,Unknown,3
青森,横浜,493,24.7,Unknown,3
高知,横浜,358,17.9,Unknown,3
名古屋,横須賀,197,9.9,Unknown,3
呉,横須賀,442,22.1,Unknown,3
堺泉北,横須賀,348,17.4,Unknown,3
新居浜,横須賀,292,14.6,Unknown,3
木更津,横須賀,19.9,1,Unknown,3
津久見,横須賀,461.7,23.1,Unknown,3
神戸,橘,57,2.9,Unknown,3
佐賀関,水俣,278,13.9,Unknown,3
坂出,水俣,382,19.1,Unknown,3
新居浜,水俣,357,17.9,Unknown,3
田子の浦,水俣,586,29.3,Unknown,3
鹿児島,水俣,124,6.2,Unknown,3
唐津,水島,237.7,11.9,Unknown,3
宇島,水島,152,7.6,Unknown,3
細島,水島,185.5,9.3,Unknown,3
鹿川,水島,92,4.6,Unknown,3
水島,直江津,298,14.9,Unknown,3
中城湾,油津,383,19.2,Unknown,3
名古屋,油津,390,19.5,Unknown,3
宇部,油津,178,8.9,Unknown,3
川崎,油津,512.4,25.6,Unknown,3
徳山下松,油津,163,8.2,Unknown,3
千葉,沼津,131,6.6,Unknown,3
吉津,沼津,140.9,7,Unknown,3
名古屋,沼津,146.8,7.3,Unknown,3
尼崎西宮芦屋,沼津,284,14.2,Unknown,3
木更津,堺泉北,230,11.5,Unknown,3
東播磨,泉州,36,1.8,Unknown,3
中城湾,津久見,492,24.6,Unknown,3
小名浜,津久見,595.5,29.8,Unknown,3
舞鶴,津久見,382.5,19.1,Unknown,3
今治,木更津,310.5,15.5,Unknown,3
伊万里,木更津,545,27.3,Unknown,3
高知,木更津,246.4,12.3,Unknown,3
鹿島,木更津,144.1,7.2,Unknown,3
むつ小川原,浜田,649,32.5,Unknown,3
長浜,浜田,537,26.9,Unknown,3
三隅,浜田,16.1,0.8,Unknown,3
和歌山下津,浜田,369,18.5,Unknown,3
徳山下松,浜田,155,7.8,Unknown,3
三池,清水,694.3,34.7,Unknown,3
大井川,清水,25,1.3,Unknown,3
広島,清水,374,18.7,Unknown,3
青森,清水,609,30.5,Unknown,3
水島,熊本,360,18,Unknown,3
苅田,熊本,210,10.5,Unknown,3
川崎,熊本,739,37,Unknown,3
福山,熊本,356,17.8,Unknown,3
笠岡,熊本,348.8,17.4,Unknown,3
和歌山下津,田子の浦,262.5,13.1,Unknown,3
坂出,田子の浦,357,17.9,Unknown,3
津久見,田子の浦,407.3,20.4,Unknown,3
福山,田子の浦,331,16.6,Unknown,3
八戸,留萌,337,16.9,Unknown,3
函館,留萌,386,19.3,Unknown,3
室蘭,留萌,305.8,15.3,Unknown,3
網走,留萌,266,13.3,Unknown,3
苫小牧,留萌,315,15.8,Unknown,3
水島,白老,898,44.9,Unknown,3
苅田,白老,777.4,38.9,Unknown,3
大分,直江津,537,26.9,Unknown,3
秋田,直江津,180,9,Unknown,3
佐賀関,相生,175,8.8,Unknown,3
新居浜,相生,82,4.1,Unknown,3
水島,相生,50.5,2.5,Unknown,3
高松,相生,41,2.1,Unknown,3
呉,相馬,620,31,Unknown,3
和歌山下津,相馬,499,25,Unknown,3
伏木富山,相馬,619,31,Unknown,3
木更津,相馬,252,12.6,Unknown,3
水島,相馬,547.9,27.4,Unknown,3
神戸,相馬,535,26.8,Unknown,3
福山,相馬,615,30.8,Unknown,3
長崎,相馬,845.2,42.3,Unknown,3
青森,相馬,324,16.2,Unknown,3
伊万里,石垣,714,35.7,Unknown,3
唐津,石垣,616,30.8,Unknown,3
鹿島,石垣,1169,58.5,Unknown,3
大阪,石狩湾新,1009,50.5,Unknown,3
宇部,石狩湾新,798,39.9,Unknown,3
室蘭,石狩湾新,278.3,13.9,Unknown,3
赤穂,石狩湾新,1043.1,52.2,Unknown,3
青森,石狩湾新,223,11.2,Unknown,3
むつ小川原,神戸,688,34.4,Unknown,3
伊万里,神戸,310.3,15.5,Unknown,3
室蘭,神戸,845,42.3,Unknown,3
木更津,神戸,230,11.5,Unknown,3
横須賀,神戸,336,16.8,Unknown,3
相生,神戸,47.8,2.4,Unknown,3
竹原,神戸,112,5.6,Unknown,3
笠岡,神戸,84.5,4.2,Unknown,3
釧路,神戸,872,43.6,Unknown,3
高知,神戸,142.5,7.1,Unknown,3
千葉,福井,910.3,45.5,Unknown,3
仙台塩釜,福井,670,33.5,Unknown,3
尻屋岬,福井,466.4,23.3,Unknown,3
水島,福井,495.3,24.8,Unknown,3
秋田,福井,295,14.8,Unknown,3
笠岡,福井,479.9,24,Unknown,3
東京,福山,447,22.4,Unknown,3
秋田,福山,153,7.7,Unknown,3
笠岡,福山,10.8,0.5,Unknown,3
鹿島,福山,475,23.8,Unknown,3
岩国,福江,276,13.8,Unknown,3
むつ小川原,秋田,208,10.4,Unknown,3
宮古,秋田,295,14.8,Unknown,3
小野田,秋田,570,28.5,Unknown,3
新居浜,秋田,723,36.2,Unknown,3
相馬,秋田,426,21.3,Unknown,3
笠岡,秋田,740,37,Unknown,3
紋別,秋田,488,24.4,Unknown,3
八戸,稚内,412,20.6,Unknown,3
室蘭,稚内,377,18.9,Unknown,3
苫小牧,稚内,401,20.1,Unknown,3
堺泉北,竹原,166,8.3,Unknown,3
大阪,竹原,131,6.6,Unknown,3
松山,竹原,30,1.5,Unknown,3
福山,竹原,35.3,1.8,Unknown,3
笠岡,竹原,36,1.8,Unknown,3
東京,笠岡,391,19.6,Unknown,3
大分,米之津,280.2,14,Unknown,3
水島,米之津,363.3,18.2,Unknown,3
八戸,紋別,441,22.1,Unknown,3
室蘭,紋別,482,24.1,Unknown,3
稚内,紋別,117,5.9,Unknown,3
函館,細島,868.8,43.4,Unknown,3
平良,細島,582,29.1,Unknown,3
笠岡,細島,210,10.5,Unknown,3
鹿川,細島,140,7,Unknown,3
水島,網走,1181,59.1,Unknown,3
津久見,網走,1165.9,58.3,Unknown,3
苫小牧,網走,365,18.3,Unknown,3
須崎,網走,1066,53.3,Unknown,3
むつ小川原,能代,179,9,Unknown,3
名古屋,能代,767,38.4,Unknown,3
日高,能代,831,41.6,Unknown,3
福山,能代,750,37.5,Unknown,3
丸亀,舞鶴,462,23.1,Unknown,3
八戸,舞鶴,550,27.5,Unknown,3
函館,舞鶴,457,22.9,Unknown,3
坂出,舞鶴,469,23.5,Unknown,3
尾道糸崎,舞鶴,453,22.7,Unknown,3
敦賀,舞鶴,51,2.6,Unknown,3
秋田,舞鶴,353.3,17.7,Unknown,3
長崎,舞鶴,418.4,20.9,Unknown,3
新潟,船川,124,6.2,Unknown,3
相馬,船川,436,21.8,Unknown,3
苫小牧,船川,210,10.5,Unknown,3
三島川之江,苅田,136,6.8,Unknown,3
三隅,苅田,115,5.7,Unknown,3
佐伯,苅田,88.9,4.4,Unknown,3
富岡,苅田,189.7,9.5,Unknown,3
木更津,苅田,535.8,26.8,Unknown,3
直江津,苅田,138,6.9,Unknown,3
笠岡,苅田,170,8.5,Unknown,3
能代,苅田,633,31.7,Unknown,3
酒田,苅田,471,23.6,Unknown,3
佐賀関,苫小牧,831,41.6,Unknown,3
函館,苫小牧,75,3.8,Unknown,3
大船渡,苫小牧,230,11.5,Unknown,3
安芸津,苫小牧,878,43.9,Unknown,3
小野田,苫小牧,769.5,38.5,Unknown,3
尻屋岬,苫小牧,73.5,3.7,Unknown,3
尾道糸崎,苫小牧,886,44.3,Unknown,3
志布志,苫小牧,978,48.9,Unknown,3
相馬,苫小牧,314,15.7,Unknown,3
石狩湾新,苫小牧,291,14.6,Unknown,3
笠岡,苫小牧,913.8,45.7,Unknown,3
詫間,苫小牧,921,46.1,Unknown,3
長崎,苫小牧,872,43.6,Unknown,3
青森,苫小牧,118,5.9,Unknown,3
高知,苫小牧,851,42.6,Unknown,3
四日市,衣浦,36,1.8,Unknown,3
室蘭,衣浦,664,33.2,Unknown,3
宮古,衣浦,740,37,Unknown,3
平生,衣浦,345,17.3,Unknown,3
平良,衣浦,878,43.9,Unknown,3
東京,衣浦,193,9.7,Unknown,3
福井,衣浦,731,36.6,Unknown,3
長崎,衣浦,557.2,27.9,Unknown,3
津久見,西之表,170.7,8.5,Unknown,3
苅田,西郷,192.6,9.6,Unknown,3
和歌山下津,詫間,103,5.2,Unknown,3
四日市,詫間,323,16.2,Unknown,3
新居浜,詫間,33,1.7,Unknown,3
東播磨,詫間,65,3.3,Unknown,3
呉,赤穂,122.6,6.1,Unknown,3
境,赤穂,230,11.5,Unknown,3
宇部,赤穂,184,9.2,Unknown,3
宇野,赤穂,28,1.4,Unknown,3
川崎,赤穂,351,17.6,Unknown,3
御前崎,赤穂,281,14.1,Unknown,3
敦賀,赤穂,530,26.5,Unknown,3
新居浜,赤穂,77.5,3.9,Unknown,3
東播磨,赤穂,30,1.5,Unknown,3
松浦,赤穂,269,13.5,Unknown,3
津久見,赤穂,183.6,9.2,Unknown,3
笠岡,赤穂,61,3.1,Unknown,3
苅田,赤穂,196,9.8,Unknown,3
伊万里,那覇,492,24.6,Unknown,3
阪南,那覇,660.9,33,Unknown,3
呉,那覇,570,28.5,Unknown,3
唐津,那覇,512,25.6,Unknown,3
堺泉北,那覇,655,32.8,Unknown,3
姫路,那覇,628.3,31.4,Unknown,3
志布志,那覇,315,15.8,Unknown,3
水島,那覇,625.3,31.3,Unknown,3
釧路,那覇,1406,70.3,Unknown,3
鹿島,那覇,952,47.6,Unknown,3
大分,郷ノ浦,158,7.9,Unknown,3
川崎,酒田,700.3,35,Unknown,3
新居浜,酒田,691,34.6,Unknown,3
横浜,酒田,700,35,Unknown,3
水島,酒田,725,36.3,Unknown,3
大分,金武湾,498,24.9,Unknown,3
伊万里,金武湾,468,23.4,Unknown,3
宇部,金武湾,549,27.5,Unknown,3
水島,金武湾,616,30.8,Unknown,3
佐伯,金沢,458,22.9,Unknown,3
坂出,金沢,517.5,25.9,Unknown,3
仙台塩釜,金沢,633,31.7,Unknown,3
大船渡,金沢,331,16.6,Unknown,3
岩国,金沢,470,23.5,Unknown,3
水島,金沢,530.1,26.5,Unknown,3
福山,金沢,450.8,22.5,Unknown,3
笠岡,金沢,523,26.2,Unknown,3
川崎,釜石,336,16.8,Unknown,3
田子の浦,釜石,396,19.8,Unknown,3
神戸,釜石,627.5,31.4,Unknown,3
青森,釜石,222,11.1,Unknown,3
佐賀関,釧路,954,47.7,Unknown,3
函館,釧路,190,9.5,Unknown,3
室蘭,釧路,200.6,10,Unknown,3
宮古,釧路,230.6,11.5,Unknown,3
小野田,釧路,900,45,Unknown,3
志布志,釧路,1041,52.1,Unknown,3
新居浜,釧路,932,46.6,Unknown,3
津松阪,釧路,740,37,Unknown,3
相馬,釧路,372.6,18.6,Unknown,3
石狩湾新,釧路,411,20.6,Unknown,3
福山,釧路,915,45.8,Unknown,3
秋田,釧路,339.4,17,Unknown,3
笠岡,釧路,913.5,45.7,Unknown,3
名古屋,長崎,580,29,Unknown,3
和歌山下津,長崎,394.8,19.7,Unknown,3
唐津,長崎,80,4,Unknown,3
室蘭,長崎,862,43.1,Unknown,3
尼崎西宮芦屋,長崎,395,19.8,Unknown,3
岩国,長崎,252,12.6,Unknown,3
東播磨,長崎,358,17.9,Unknown,3
沼津,長崎,630,31.5,Unknown,3
高松,長崎,310,15.5,Unknown,3
高知,長崎,367,18.4,Unknown,3
鹿島,長崎,770,38.5,Unknown,3
横浜,長浜,471,23.6,Unknown,3
千葉,阪南,361,18.1,Unknown,3
八代,青森,857,42.9,Unknown,3
堺泉北,青森,848,42.4,Unknown,3
宇部,青森,719.4,36,Unknown,3
笠岡,青森,837,41.9,Unknown,3
鹿島,青森,427,21.4,Unknown,3
七尾,須崎,652.7,32.6,Unknown,3
中城湾,須崎,535,26.8,Unknown,3
呉,須崎,203,10.2,Unknown,3
小野田,須崎,183.5,9.2,Unknown,3
御前崎,須崎,279,14,Unknown,3
徳島小松島,須崎,114,5.7,Unknown,3
敦賀,須崎,520,26,Unknown,3
新居浜,須崎,215,10.8,Unknown,3
東予,須崎,215,10.8,Unknown,3
松島,須崎,330.8,16.5,Unknown,3
松浦,須崎,249.8,12.5,Unknown,3
水島,須崎,176.9,8.8,Unknown,3
沼津,須崎,319,16,Unknown,3
竹原,須崎,203,10.2,Unknown,3
苅田,須崎,174,8.7,Unknown,3
衣浦,須崎,248,12.4,Unknown,3
赤穂,須崎,163,8.2,Unknown,3
高知,須崎,20,1,Unknown,3
千葉,館山,47,2.4,Unknown,3
新宮,館山,208,10.4,Unknown,3
東京,館山,43,2.2,Unknown,3
須崎,館山,356.3,17.8,Unknown,3
大竹,高松,109,5.5,Unknown,3
姫路,高松,42,2.1,Unknown,3
小野田,高松,167.3,8.4,Unknown,3
川崎,高松,399,20,Unknown,3
広島,高松,96,4.8,Unknown,3
衣浦,高松,231,11.6,Unknown,3
大阪,高知,147.3,7.4,Unknown,3
小名浜,高知,499,25,Unknown,3
尾道糸崎,高知,229,11.5,Unknown,3
相馬,高知,565,28.3,Unknown,3
舞鶴,高知,480,24,Unknown,3
高松,高知,190,9.5,Unknown,3
宇部,鳥取,245,12.3,Unknown,3
坂出,鵜殿,189,9.5,Unknown,3
堺泉北,鵜殿,133.6,6.7,Unknown,3
尼崎西宮芦屋,鵜殿,133,6.7,Unknown,3
徳山下松,鵜殿,280,14,Unknown,3
水島,鵜殿,198,9.9,Unknown,3
名古屋,鹿児島,469,23.5,Unknown,3
堺泉北,鹿児島,86.4,4.3,Unknown,3
大阪,鹿児島,385,19.3,Unknown,3
岩国,鹿児島,300,15,Unknown,3
田子の浦,鹿児島,531,26.6,Unknown,3
福山,鹿児島,336,16.8,Unknown,3
苫小牧,鹿児島,1009,50.5,Unknown,3
安芸津,鹿島,567.3,28.4,Unknown,3
小野田,鹿島,609,30.5,Unknown,3
津久見,鹿島,543,27.2,Unknown,3
石狩湾新,鹿島,586.5,29.3,Unknown,3
網走,鹿島,654,32.7,Unknown,3
舞鶴,鹿島,849,42.5,Unknown,3
八戸,むつ小川原,24,1.2,Unknown,3
石狩湾新,むつ小川原,284,14.2,Unknown,3
十勝,七尾,477,23.9,Unknown,3
室蘭,七尾,396,19.8,Unknown,3
伏木富山,七尾,28,1.4,Unknown,3
相生,七尾,667,33.4,Unknown,3
釧路,七尾,503,25.2,Unknown,3
中城湾,三島川之江,609,30.5,Unknown,3
新居浜,三島川之江,14,0.7,Unknown,3
釧路,三池,1100,55,Unknown,3
堺泉北,三河,219.3,11,Unknown,3
木更津,三河,189,9.5,Unknown,3
四日市,三田尻中関,395,19.8,Unknown,3
大阪,三田尻中関,216,10.8,Unknown,3
尼崎西宮芦屋,三田尻中関,216.1,10.8,Unknown,3
堺泉北,三角,447,22.4,Unknown,3
宇野,三隅,260,13,Unknown,3
小野田,三隅,120,6,Unknown,3
東播磨,三隅,430,21.5,Unknown,3
松浦,三隅,166,8.3,Unknown,3
神戸,三隅,330,16.5,Unknown,3
赤穂,三隅,304,15.2,Unknown,3
長崎,三隅,203.9,10.2,Unknown,3
木更津,徳山下松,390,19.5,Unknown,3
尾道糸崎,下関,134.5,6.7,Unknown,3
舞鶴,下関,302,15.1,Unknown,3
堺泉北,中城湾,652,32.6,Unknown,3
多度津,中城湾,622,31.1,Unknown,3
松山,中城湾,558,27.9,Unknown,3
水島,中城湾,640,32,Unknown,3
姫路,三田尻中関,186.5,9.3,Unknown,3
姫路,丸亀,57,2.9,Unknown,3
横浜,丸亀,504,25.2,Unknown,3
笠岡,丸亀,19,1,Unknown,3
細島,丸亀,187,9.4,Unknown,3
鹿島,丸亀,452,22.6,Unknown,3
笠岡,久慈,771,38.6,Unknown,3
赤穂,久慈,745,37.3,Unknown,3
舞鶴,今治,425,21.3,Unknown,3
久慈,仙台塩釜,147,7.4,Unknown,3
志布志,仙台塩釜,737,36.9,Unknown,3
釜石,仙台塩釜,94,4.7,Unknown,3
函館,伊万里,774.6,38.7,Unknown,3
相生,伊万里,307,15.4,Unknown,3
丸亀,佐世保,279,14,Unknown,3
伊万里,佐世保,38.5,1.9,Unknown,3
別府,佐世保,337,16.9,Unknown,3
大阪,佐世保,389,19.5,Unknown,3
宇和島,佐世保,207,10.4,Unknown,3
小名浜,佐伯,590,29.5,Unknown,3
小野田,佐伯,86.8,4.3,Unknown,3
松島,佐伯,217.4,10.9,Unknown,3
神戸,佐伯,228.7,11.4,Unknown,3
竹原,佐伯,108.6,5.4,Unknown,3
伏木富山,八代,659,33,Unknown,3
千葉,八代,679,34,Unknown,3
笠岡,八代,354,17.7,Unknown,3
北九州,八戸,773,38.7,Unknown,3
姫路,八戸,734.8,36.7,Unknown,3
伏木富山,八戸,438.5,21.9,Unknown,3
尾道糸崎,八戸,825,41.3,Unknown,3
敦賀,八戸,524,26.2,Unknown,3
高松,八戸,752.3,37.6,Unknown,3
福山,内浦,446,22.3,Unknown,3
四日市,別府,220,11,Unknown,3
堺泉北,別府,33,1.7,Unknown,3
大分,別府,182,9.1,Unknown,3
宮崎,別府,262,13.1,Unknown,3
新宮,別府,138,6.9,Unknown,3
熊本,加治木,265,13.3,Unknown,3
笠岡,加治木,330,16.5,Unknown,3
博多,北九州,56,2.8,Unknown,3
新居浜,北九州,135.5,6.8,Unknown,3
釧路,十勝,60,3,Unknown,3
唐津,千葉,642,32.1,Unknown,3
平良,千葉,1050,52.5,Unknown,3
東予,千葉,462,23.1,Unknown,3
津松阪,千葉,205,10.3,Unknown,3
相馬,千葉,258.2,12.9,Unknown,3
石狩湾新,千葉,732,36.6,Unknown,3
三島川之江,阪南,113,5.7,Unknown,3
室蘭,阪南,816,40.8,Unknown,3
別府,博多,274,13.7,Unknown,3
平良,博多,650,32.5,Unknown,3
木更津,博多,615,30.8,Unknown,3
津松阪,博多,469,23.5,Unknown,3
赤穂,博多,264,13.2,Unknown,3
釧路,博多,900,45,Unknown,3
高知,博多,271,13.6,Unknown,3
鹿児島,博多,246,12.3,Unknown,3
三島川之江,名古屋,286,14.3,Unknown,3
宮古,名古屋,504,25.2,Unknown,3
松浦,名古屋,516,25.8,Unknown,3
伊万里,呉,201,10.1,Unknown,3
佐伯,呉,96,4.8,Unknown,3
八代,呉,326,16.3,Unknown,3
清水,呉,422.5,21.1,Unknown,3
鹿川,呉,19,1,Unknown,3
横須賀,和歌山下津,202,10.1,Unknown,3
青森,和歌山下津,760,38,Unknown,3
今治,唐津,175,8.8,Unknown,3
堺泉北,喜入,360,18,Unknown,3
網走,四日市,893,44.7,Unknown,3
阪南,坂出,84,4.2,Unknown,3
徳島小松島,坂出,60,3,Unknown,3
新居浜,坂出,42.9,2.1,Unknown,3
船川,坂出,763,38.2,Unknown,3
赤穂,坂出,38,1.9,Unknown,3
函館,境,516,25.8,Unknown,3
福井,境,144,7.2,Unknown,3
能代,境,434,21.7,Unknown,3
尼崎西宮芦屋,大井川,264,13.2,Unknown,3
衣浦,大井川,110,5.5,Unknown,3
宇島,大分,55,2.8,Unknown,3
柏崎,大分,537,26.9,Unknown,3
沼津,大分,428,21.4,Unknown,3
西之表,大分,184,9.2,Unknown,3
鹿川,大分,84,4.2,Unknown,3
大阪,肥前大島,117,5.9,Unknown,3
神戸,肥前大島,110,5.5,Unknown,3
和歌山下津,大竹,169,8.5,Unknown,3
清水,大竹,397,19.9,Unknown,3
徳山下松,大船渡,783,39.2,Unknown,3
別府,大阪,32,1.6,Unknown,3
尼崎西宮芦屋,大阪,5,0.3,Unknown,3
川崎,姫川,796,39.8,Unknown,3
新居浜,姫川,646,32.3,Unknown,3
鹿島,姫川,621,31.1,Unknown,3
宇野,姫路,202,10.1,Unknown,3
小野田,姫路,200,10,Unknown,3
沼津,姫路,305,15.3,Unknown,3
釜石,姫路,648,32.4,Unknown,3
尼崎西宮芦屋,宇和島,233.5,11.7,Unknown,3
尼崎西宮芦屋,宇島,233,11.7,Unknown,3
直江津,宇部,486,24.3,Unknown,3
久慈,宇野,748,37.4,Unknown,3
むつ小川原,室蘭,98,4.9,Unknown,3
伊万里,室蘭,834,41.7,Unknown,3
佐世保,室蘭,853,42.7,Unknown,3
東播磨,室蘭,826,41.3,Unknown,3
津久見,宮之浦,196,9.8,Unknown,3
尻屋岬,宮古,114,5.7,Unknown,3
川崎,宮古,389,19.5,Unknown,3
能代,宮古,259,13,Unknown,3
川崎,宮崎,497,24.9,Unknown,3
新居浜,宮崎,207,10.4,Unknown,3
神戸,宮崎,275,13.8,Unknown,3
新居浜,伏木富山,598,29.9,Unknown,3
阪南,富岡,55,2.8,Unknown,3
名古屋,富岡,193.2,9.7,Unknown,3
呉,富岡,136,6.8,Unknown,3
堺泉北,富岡,50,2.5,Unknown,3
新居浜,富岡,103.2,5.2,Unknown,3
苫小牧,富岡,802.5,40.1,Unknown,3
赤穂,富岡,52,2.6,Unknown,3
福山,小名浜,569,28.5,Unknown,3
鹿川,小名浜,639,32,Unknown,3
横浜,小樽,738.5,36.9,Unknown,3
北九州,小野田,25,1.3,Unknown,3
徳島小松島,小野田,214,10.7,Unknown,3
岩国,小野田,81,4.1,Unknown,3
広島,小野田,92,4.6,Unknown,3
新居浜,小野田,126.7,6.3,Unknown,3
直江津,小野田,474,23.7,Unknown,3
川崎,尻屋岬,489.5,24.5,Unknown,3
中城湾,尼崎西宮芦屋,663.8,33.2,Unknown,3
八代,尼崎西宮芦屋,431,21.6,Unknown,3
宮崎,尼崎西宮芦屋,286,14.3,Unknown,3
志布志,尼崎西宮芦屋,325.8,16.3,Unknown,3
釧路,尼崎西宮芦屋,890,44.5,Unknown,3
阪南,尼崎西宮芦屋,20,1,Unknown,3
長浜,岡山,843,42.2,Unknown,3
博多,岡山,233,11.7,Unknown,3
和歌山下津,岡山,85.8,4.3,Unknown,3
岩国,岡山,119,6,Unknown,3
川崎,岡山,389,19.5,Unknown,3
志布志,岡山,297,14.9,Unknown,3
横浜,岡山,372,18.6,Unknown,3
笠岡,岡山,42,2.1,Unknown,3
網走,岡山,1065,53.3,Unknown,3
伊万里,岩国,193,9.7,Unknown,3
唐津,岩国,161.5,8.1,Unknown,3
東播磨,岩国,151,7.6,Unknown,3
衣浦,岩国,377,18.9,Unknown,3
別府,島原,378.5,18.9,Unknown,3
大阪,島原,443.4,22.2,Unknown,3
川崎,島原,701.3,35.1,Unknown,3
神戸,島原,448,22.4,Unknown,3
笠岡,島原,325,16.3,Unknown,3
苫小牧,三島川之江,899,45,Unknown,3
佐賀関,川内,260,13,Unknown,3
三池,川崎,683,34.2,Unknown,3
柏崎,川崎,795,39.8,Unknown,3
石狩湾新,川崎,728,36.4,Unknown,3
金沢,川崎,5,0.3,Unknown,3
千葉,常滑,210,10.5,Unknown,3
福山,平生,93,4.7,Unknown,3
横浜,平良,1030,51.5,Unknown,3
北九州,広島,103,5.2,Unknown,3
志布志,広島,214,10.7,Unknown,3
沼津,広島,403,20.2,Unknown,3
木更津,広島,353.5,17.7,Unknown,3
稚内,広島,1040,52,Unknown,3
橘,広島,194,9.7,Unknown,3
田子の浦,広島,384.2,19.2,Unknown,3
相生,徳山下松,173.5,8.7,Unknown,3
赤穂,徳山下松,191,9.6,Unknown,3
鹿川,徳山下松,85,4.3,Unknown,3
七尾,徳島小松島,681,34.1,Unknown,3
徳山下松,志布志,192,9.6,Unknown,3
新潟,志布志,731,36.6,Unknown,3
大竹,敦賀,403,20.2,Unknown,3
大阪,敦賀,550,27.5,Unknown,3
笠岡,敦賀,474,23.7,Unknown,3
長崎,敦賀,436,21.8,Unknown,3
高知,敦賀,534,26.7,Unknown,3
中城湾,新宮,673,33.7,Unknown,3
志布志,新宮,298,14.9,Unknown,3
下関,新居浜,128,6.4,Unknown,3
新居浜,新潟,622.6,31.1,Unknown,3
長浜,新潟,192,9.6,Unknown,3
和歌山下津,新潟,751.5,37.6,Unknown,3
呉,新潟,617,30.9,Unknown,3
大阪,新潟,746,37.3,Unknown,3
川崎,新潟,761,38.1,Unknown,3
赤穂,新潟,691.5,34.6,Unknown,3
青森,新潟,258,12.9,Unknown,3
赤穂,日高,79,4,Unknown,3
十勝,木更津,534,26.7,Unknown,3
大阪,本部,640,32,Unknown,3
新居浜,本部,630,31.5,Unknown,3
秋田,本部,1089,54.5,Unknown,3
苅田,本部,536,26.8,Unknown,3
函館,東予,824,41.2,Unknown,3
尼崎西宮芦屋,東予,130,6.5,Unknown,3
神戸,東予,113.9,5.7,Unknown,3
笠岡,東予,40,2,Unknown,3
富岡,東京,332,16.6,Unknown,3
東播磨,東京,368.3,18.4,Unknown,3
網走,東京,804,40.2,Unknown,3
新居浜,東備,49,2.5,Unknown,3
宮崎,東播磨,270,13.5,Unknown,3
志布志,東播磨,308,15.4,Unknown,3
笠岡,東播磨,73,3.7,Unknown,3
福山,松山,65,3.3,Unknown,3
福山,松島,280,14,Unknown,3
網走,松島,832,41.6,Unknown,3
細島,松浦,230,11.5,Unknown,3
坂出,津松阪,259.1,13,Unknown,3
横浜,津松阪,188,9.4,Unknown,3
神戸,津松阪,209,10.5,Unknown,3
赤穂,津松阪,256,12.8,Unknown,3
四日市,柏崎,948,47.4,Unknown,3
大阪,柳井,192.5,9.6,Unknown,3
中城湾,横浜,800,40,Unknown,3
多度津,横浜,379,19,Unknown,3
尻屋岬,横浜,487,24.4,Unknown,3
松山,横浜,489,24.5,Unknown,3
三田尻中関,横須賀,540,27,Unknown,3
長崎,横須賀,682.3,34.1,Unknown,3
川崎,橘,319,16,Unknown,3
千葉,水俣,691,34.6,Unknown,3
竹原,水俣,328,16.4,Unknown,3
函館,水島,860,43,Unknown,3
苅田,油津,184.2,9.2,Unknown,3
衣浦,油津,375,18.8,Unknown,3
佐賀関,沼津,413,20.7,Unknown,3
松山,沼津,407,20.4,Unknown,3
留萌,堺泉北,1116,55.8,Unknown,3
長崎,木更津,505,25.3,Unknown,3
三田尻中関,浜田,149,7.5,Unknown,3
中津,浜田,138,6.9,Unknown,3
尼崎西宮芦屋,清水,282,14.1,Unknown,3
津松阪,清水,121.1,6.1,Unknown,3
阪南,清水,232.8,11.6,Unknown,3
大阪,熊本,459,23,Unknown,3
呉,田子の浦,378.9,18.9,Unknown,3
姫川,田子の浦,883,44.2,Unknown,3
新居浜,田子の浦,349,17.5,Unknown,3
新潟,田子の浦,793,39.7,Unknown,3
東予,田子の浦,401,20.1,Unknown,3
油津,田子の浦,452,22.6,Unknown,3
衣浦,田子の浦,122,6.1,Unknown,3
大船渡,留萌,445,22.3,Unknown,3
伏木富山,留萌,497,24.9,Unknown,3
神戸,白老,842.3,42.1,Unknown,3
能代,白老,175,8.8,Unknown,3
呉,直江津,564,28.2,Unknown,3
福山,直江津,609,30.5,Unknown,3
水島,石垣,843,42.2,Unknown,3
大船渡,石狩湾新,225,11.3,Unknown,3
尻屋岬,石狩湾新,249,12.5,Unknown,3
水島,石狩湾新,955,47.8,Unknown,3
三島川之江,神戸,101,5.1,Unknown,3
函館,神戸,824,41.2,Unknown,3
宇島,神戸,227,11.4,Unknown,3
松島,神戸,378,18.9,Unknown,3
福井,神戸,570,28.5,Unknown,3
那覇,神戸,660,33,Unknown,3
大阪,福井,559,28,Unknown,3
室蘭,福井,462,23.1,Unknown,3
沼津,福井,817,40.9,Unknown,3
石狩湾新,福山,835,41.8,Unknown,3
名古屋,福江,331,16.6,Unknown,3
十勝,秋田,266.5,13.3,Unknown,3
小名浜,秋田,475.5,23.8,Unknown,3
長崎,秋田,694,34.7,Unknown,3
下関,竹原,123,6.2,Unknown,3
佐賀関,竹原,85,4.3,Unknown,3
高知,竹原,211.5,10.6,Unknown,3
四日市,米之津,526,26.3,Unknown,3
川崎,尾道糸崎,439,22,Unknown,3
神戸,尾道糸崎,115,5.8,Unknown,3
博多,細島,187,9.4,Unknown,3
坂出,能代,777,38.9,Unknown,3
川崎,能代,625,31.3,Unknown,3
沼津,能代,677,33.9,Unknown,3
笠岡,能代,758,37.9,Unknown,3
福山,舞鶴,439,22,Unknown,3
笠岡,舞鶴,461.5,23.1,Unknown,3
網走,舞鶴,840,42,Unknown,3
苫小牧,舞鶴,531,26.6,Unknown,3
阪南,苫小牧,837,41.9,Unknown,3
多度津,苫小牧,898,44.9,Unknown,3
広島,苫小牧,891,44.6,Unknown,3
津久見,苫小牧,864,43.2,Unknown,3
別府,衣浦,231,11.6,Unknown,3
秋田,衣浦,804,40.2,Unknown,3
笠岡,衣浦,260,13,Unknown,3
別府,西之表,316,15.8,Unknown,3
川内,西之表,93,4.7,Unknown,3
志布志,西之表,42,2.1,Unknown,3
唐津,西郷,239,12,Unknown,3
大分,西郷,279,14,Unknown,3
三池,詫間,380,19,Unknown,3
七尾,赤穂,662,33.1,Unknown,3
別府,赤穂,21.7,1.1,Unknown,3
四日市,赤穂,241,12.1,Unknown,3
岩国,赤穂,127,6.4,Unknown,3
竹原,赤穂,91,4.6,Unknown,3
大分,那覇,527,26.4,Unknown,3
木更津,那覇,742.2,37.1,Unknown,3
苅田,那覇,681,34.1,Unknown,3
伊万里,郷ノ浦,32,1.6,Unknown,3
室蘭,酒田,248,12.4,Unknown,3
徳山下松,酒田,606,30.3,Unknown,3
清水,酒田,747,37.4,Unknown,3
笠岡,酒田,708,35.4,Unknown,3
津久見,伊万里,247,12.4,Unknown,3
千葉,金沢,25,1.3,Unknown,3
吉津,金沢,200,10,Unknown,3
名古屋,金沢,210,10.5,Unknown,3
敦賀,金沢,71,3.6,Unknown,3
木更津,釜石,348,17.4,Unknown,3
衣浦,釜石,483,24.2,Unknown,3
釧路,釜石,259,13,Unknown,3
広島,釧路,1006.7,50.3,Unknown,3
新潟,釧路,420,21,Unknown,3
横須賀,釧路,567,28.4,Unknown,3
七尾,長崎,570,28.5,Unknown,3
尾道糸崎,長崎,293,14.7,Unknown,3
相生,長崎,335,16.8,Unknown,3
東播磨,長浜,139,7,Unknown,3
津松阪,阪南,225,11.3,Unknown,3
三隅,須崎,291.4,14.6,Unknown,3
津久見,須崎,119.6,6,Unknown,3
横須賀,館山,18,0.9,Unknown,3
福山,館山,412,20.6,Unknown,3
宇部,高松,164.5,8.2,Unknown,3
橘,高松,50,2.5,Unknown,3
今治,高知,195,9.8,Unknown,3
佐伯,高知,118.7,5.9,Unknown,3
境,高知,210,10.5,Unknown,3
新居浜,高知,200,10,Unknown,3
神戸,鳥取,477,23.9,Unknown,3
和歌山下津,鵜殿,106.8,5.3,Unknown,3
新居浜,鵜殿,200,10,Unknown,3
福山,鵜殿,193,9.7,Unknown,3
千葉,鹿児島,608,30.4,Unknown,3
和歌山下津,鹿児島,376,18.8,Unknown,3
宮崎,鹿児島,116,5.8,Unknown,3
木更津,鹿児島,601,30.1,Unknown,3
赤穂,鹿児島,386,19.3,Unknown,3
鹿島,鹿児島,669,33.5,Unknown,3
尾道糸崎,鹿島,533,26.7,Unknown,3
津松阪,鹿島,272,13.6,Unknown,3
横須賀,むつ小川原,442,22.1,Unknown,3
福山,むつ小川原,799.5,40,Unknown,3
むつ小川原,七尾,415,20.8,Unknown,3
水俣,七尾,619,31,Unknown,3
苫小牧,七尾,412.8,20.6,Unknown,3
鹿島,七尾,718,35.9,Unknown,3
坂出,三島川之江,37,1.9,Unknown,3
徳島小松島,三池,423.5,21.2,Unknown,3
宇部,三角,219,11,Unknown,3
丸亀,徳山下松,120,6,Unknown,3
多度津,徳山下松,120,6,Unknown,3
坂出,下関,167,8.4,Unknown,3
新潟,下関,496,24.8,Unknown,3
宇部,両津,534,26.7,Unknown,3
新潟,両津,34,1.7,Unknown,3
苫小牧,両津,325,16.3,Unknown,3
仙台塩釜,中城湾,1083,54.2,Unknown,3
伊万里,中城湾,491,24.6,Unknown,3
唐津,中城湾,500,25,Unknown,3
四日市,中城湾,801,40.1,Unknown,3
境,中城湾,664,33.2,Unknown,3
新居浜,中城湾,600,30,Unknown,3
那覇,中城湾,264,13.2,Unknown,3
鹿児島,中城湾,365,18.3,Unknown,3
今治,中津,101,5.1,Unknown,3
佐伯,中津,49,2.5,Unknown,3
名古屋,中津,400,20,Unknown,3
安芸津,中津,110,5.5,Unknown,3
尼崎西宮芦屋,中津,232.6,11.6,Unknown,3
川崎,中津,531,26.6,Unknown,3
徳山下松,中津,39,2,Unknown,3
鹿島,中津,573,28.7,Unknown,3
函館,丸亀,830,41.5,Unknown,3
坂出,丸亀,8.5,0.4,Unknown,3
多度津,丸亀,4,0.2,Unknown,3
東予,丸亀,45,2.3,Unknown,3
衣浦,丸亀,263.4,13.2,Unknown,3
三河,久慈,527,26.4,Unknown,3
福山,久慈,821,41.1,Unknown,3
七尾,今治,582,29.1,Unknown,3
丸亀,今治,49.1,2.5,Unknown,3
呉,今治,33,1.7,Unknown,3
四日市,今治,339,17,Unknown,3
長崎,今治,270,13.5,Unknown,3
横須賀,仙台塩釜,271.9,13.6,Unknown,3
八戸,伊万里,851,42.6,Unknown,3
川崎,伊万里,666.4,33.3,Unknown,3
横浜,伊万里,651,32.6,Unknown,3
橘,伊万里,364,18.2,Unknown,3
呉,佐世保,256,12.8,Unknown,3
川崎,佐世保,691,34.6,Unknown,3
木更津,佐世保,680,34,Unknown,3
横須賀,佐世保,640,32,Unknown,3
細島,佐世保,239,12,Unknown,3
舞鶴,佐世保,401,20.1,Unknown,3
七尾,佐伯,552.8,27.6,Unknown,3
三隅,佐伯,190,9.5,Unknown,3
中城湾,佐伯,485,24.3,Unknown,3
函館,佐伯,834.7,41.7,Unknown,3
橘,佐伯,191.7,9.6,Unknown,3
衣浦,佐伯,329.9,16.5,Unknown,3
金武湾,佐伯,471,23.6,Unknown,3
宇島,佐賀関,58,2.9,Unknown,3
八戸,八代,962,48.1,Unknown,3
木更津,八代,682.7,34.1,Unknown,3
東京,八代,694,34.7,Unknown,3
長浜,内浦,400,20,Unknown,3
佐伯,内浦,401,20.1,Unknown,3
姫路,函館,815,40.8,Unknown,3
徳山下松,函館,748,37.4,Unknown,3
木更津,函館,532,26.6,Unknown,3
今治,別府,103,5.2,Unknown,3
姫路,別府,13,0.7,Unknown,3
浜田,別府,90,4.5,Unknown,3
西郷,別府,20,1,Unknown,3
高知,別府,159,8,Unknown,3
徳山下松,加治木,275,13.8,Unknown,3
赤穂,加治木,386,19.3,Unknown,3
宇部,北九州,24,1.2,Unknown,3
横浜,北九州,560,28,Unknown,3
須崎,十勝,844,42.2,Unknown,3
詫間,千葉,426,21.3,Unknown,3
下関,博多,59,3,Unknown,3
仙台塩釜,博多,816,40.8,Unknown,3
大竹,博多,156,7.8,Unknown,3
尼崎西宮芦屋,博多,296,14.8,Unknown,3
阪南,名古屋,243,12.2,Unknown,3
宇野,名古屋,279,14,Unknown,3
相馬,名古屋,409,20.5,Unknown,3
大阪,名瀬,513.3,25.7,Unknown,3
志布志,名瀬,204.2,10.2,Unknown,3
那覇,名瀬,171.7,8.6,Unknown,3
宮崎,呉,165,8.3,Unknown,3
宿毛湾,和歌山下津,200,10,Unknown,3
大船渡,和歌山下津,597,29.9,Unknown,3
姫川,和歌山下津,705.3,35.3,Unknown,3
宮崎,和歌山下津,255,12.8,Unknown,3
石狩湾新,和歌山下津,937,46.9,Unknown,3
大分,唐津,139,7,Unknown,3
宮津,唐津,334,16.7,Unknown,3
呉,四日市,396,19.8,Unknown,3
東予,四日市,291,14.6,Unknown,3
姫川,堺泉北,706,35.3,Unknown,3
宇野,境,190,9.5,Unknown,3
八戸,境,614,30.7,Unknown,3
川崎,境,747,37.4,Unknown,3
舞鶴,境,123,6.2,Unknown,3
西郷,境,44,2.2,Unknown,3
釧路,境,730,36.5,Unknown,3
呉,多度津,74,3.7,Unknown,3
坂出,多度津,9,0.5,Unknown,3
東予,多度津,40,2,Unknown,3
衣浦,多度津,230,11.5,Unknown,3
東京,大井川,122,6.1,Unknown,3
網走,大井川,801,40.1,Unknown,3
阪南,大分,219,11,Unknown,3
徳島小松島,大分,189,9.5,Unknown,3
相馬,大分,671,33.6,Unknown,3
石狩湾新,大分,916.7,45.8,Unknown,3
新居浜,肥前大島,396,19.8,Unknown,3
四日市,大船渡,475,23.8,Unknown,3
大井川,大船渡,342,17.1,Unknown,3
川内,大船渡,894,44.7,Unknown,3
直江津,大阪,716,35.8,Unknown,3
阪南,大阪,10,0.5,Unknown,3
徳山下松,姫川,498,24.9,Unknown,3
東播磨,姫川,667,33.4,Unknown,3
高知,姫川,659,33,Unknown,3
唐津,姫路,291,14.6,Unknown,3
伏木富山,姫路,677,33.9,Unknown,3
木更津,姫路,368,18.4,Unknown,3
金沢,姫路,368,18.4,Unknown,3
阪南,姫路,39,2,Unknown,3
苅田,宇和島,92,4.6,Unknown,3
沼津,宇部,417.5,20.9,Unknown,3
福江,安芸津,290,14.5,Unknown,3
呉,室蘭,849,42.5,Unknown,3
木更津,室蘭,547,27.4,Unknown,3
津松阪,室蘭,676,33.8,Unknown,3
福江,室蘭,853,42.7,Unknown,3
中城湾,宮古,189,9.5,Unknown,3
堺泉北,宮古,800,40,Unknown,3
十勝,宮古,175,8.8,Unknown,3
伊万里,宮崎,237,11.9,Unknown,3
坂出,宮崎,227,11.4,Unknown,3
松山,宮崎,140,7,Unknown,3
秋田,伏木富山,226,11.3,Unknown,3
川崎,富岡,319,16,Unknown,3
伊万里,徳島小松島,375,18.8,Unknown,3
宇島,徳島小松島,223.7,11.2,Unknown,3
三池,小野田,233,11.7,Unknown,3
三田尻中関,小野田,30,1.5,Unknown,3
岩国,尼崎西宮芦屋,168,8.4,Unknown,3
那覇,尼崎西宮芦屋,532,26.6,Unknown,3
尼崎西宮芦屋,尾道糸崎,122,6.1,Unknown,3
横浜,尾道糸崎,435,21.8,Unknown,3
室蘭,岡山,877,43.9,Unknown,3
新潟,岡山,688,34.4,Unknown,3
橘,岡山,113,5.7,Unknown,3
長崎,岡山,330,16.5,Unknown,3
鹿児島,岡山,325,16.3,Unknown,3
小名浜,岩国,591,29.6,Unknown,3
広島,岩国,16,0.8,Unknown,3
橘,岩国,154,7.7,Unknown,3
直江津,岩国,215,10.8,Unknown,3
白老,岩国,857,42.9,Unknown,3
細島,岩国,140,7,Unknown,3
島原,川内,79,4,Unknown,3
志布志,川内,122,6.1,Unknown,3
細島,川崎,463,23.2,Unknown,3
大阪,平生,160,8,Unknown,3
秋田,平生,656,32.8,Unknown,3
敦賀,広島,440,22,Unknown,3
清水,御前崎,32,1.6,Unknown,3
木更津,徳島小松島,322,16.1,Unknown,3
衣浦,徳島小松島,194,9.7,Unknown,3
堺泉北,志布志,310,15.5,Unknown,3
直江津,東播磨,685,34.3,Unknown,3
八代,敦賀,499,25,Unknown,3
四日市,敦賀,747,37.4,Unknown,3
千葉,新宮,248,12.4,Unknown,3
大阪,新宮,135,6.8,Unknown,3
橘,新宮,91,4.6,Unknown,3
細島,新宮,241,12.1,Unknown,3
長崎,新宮,440,22,Unknown,3
八代,新居浜,338.5,16.9,Unknown,3
安芸津,新居浜,30,1.5,Unknown,3
橘,新居浜,108,5.4,Unknown,3
宮古,新潟,384,19.2,Unknown,3
直江津,東予,598,29.9,Unknown,3
相生,東予,90,4.5,Unknown,3
高知,東予,200,10,Unknown,3
三池,東京,705.5,35.3,Unknown,3
竹原,東播磨,109,5.5,Unknown,3
中津,松山,79.6,4,Unknown,3
佐伯,松山,79,4,Unknown,3
北九州,松山,98,4.9,Unknown,3
松浦,松山,188,9.4,Unknown,3
赤穂,松山,72,3.6,Unknown,3
留萌,松島,946,47.3,Unknown,3
舞鶴,松島,301,15.1,Unknown,3
高知,松島,311,15.6,Unknown,3
呉,松浦,214,10.7,Unknown,3
新居浜,松浦,217.6,10.9,Unknown,3
別府,津松阪,200,10,Unknown,3
笠岡,津松阪,286,14.3,Unknown,3
尼崎西宮芦屋,津松阪,220,11,Unknown,3
尼崎西宮芦屋,柳井,209,10.5,Unknown,3
舞鶴,横浜,850,42.5,Unknown,3
伊万里,横須賀,640,32,Unknown,3
四日市,横須賀,195,9.8,Unknown,3
姫路,横須賀,361,18.1,Unknown,3
八代,橘,418,20.9,Unknown,3
函館,橘,779,39,Unknown,3
宿毛湾,橘,155.5,7.8,Unknown,3
志布志,橘,278,13.9,Unknown,3
能代,水島,810,40.5,Unknown,3
新潟,油津,689,34.5,Unknown,3
相馬,沼津,308,15.4,Unknown,3
肥前大島,津久見,316,15.8,Unknown,3
伏木富山,津久見,567,28.4,Unknown,3
函館,浜田,587,29.4,Unknown,3
川崎,浜田,648,32.4,Unknown,3
能代,浜田,512,25.6,Unknown,3
北九州,清水,539,27,Unknown,3
北九州,田子の浦,468,23.4,Unknown,3
大船渡,田子の浦,388,19.4,Unknown,3
川内,田子の浦,560,28,Unknown,3
尻屋岬,留萌,270,13.5,Unknown,3
千葉,白老,555,27.8,Unknown,3
丸亀,相生,50,2.5,Unknown,3
堺泉北,石垣,897,44.9,Unknown,3
宮古,石垣,84,4.2,Unknown,3
七尾,石狩湾新,436,21.8,Unknown,3
仙台塩釜,石狩湾新,479,24,Unknown,3
津松阪,石狩湾新,854,42.7,Unknown,3
松浦,神戸,333,16.7,Unknown,3
堺泉北,福井,584,29.2,Unknown,3
苫小牧,福井,494,24.7,Unknown,3
西郷,福井,140,7,Unknown,3
境,福山,353,17.7,Unknown,3
長崎,福江,50.1,2.5,Unknown,3
沼津,秋田,710,35.5,Unknown,3
赤穂,秋田,797,39.9,Unknown,3
津松阪,稚内,965,48.3,Unknown,3
横浜,稚内,850,42.5,Unknown,3
広島,竹原,33.7,1.7,Unknown,3
水島,竹原,67,3.4,Unknown,3
徳島小松島,笠岡,88,4.4,Unknown,3
宇和島,細島,72,3.6,Unknown,3
能代,細島,756,37.8,Unknown,3
苫小牧,細島,912,45.6,Unknown,3
千葉,能代,640,32,Unknown,3
呉,能代,738,36.9,Unknown,3
新居浜,能代,740,37,Unknown,3
大井川,苅田,543,27.2,Unknown,3
肥前大島,苅田,50,2.5,Unknown,3
石狩湾新,苅田,909,45.5,Unknown,3
福江,苅田,170,8.5,Unknown,3
岡山,苫小牧,892,44.6,Unknown,3
中城湾,衣浦,732,36.6,Unknown,3
徳山下松,西郷,259,13,Unknown,3
直江津,西郷,95,4.8,Unknown,3
浜田,西郷,110,5.5,Unknown,3
小野田,詫間,143,7.2,Unknown,3
橘,詫間,80,4,Unknown,3
酒田,赤穂,758,37.9,Unknown,3
高知,赤穂,174,8.7,Unknown,3
佐世保,那覇,444,22.2,Unknown,3
小野田,那覇,566,28.3,Unknown,3
千葉,那覇,870,43.5,Unknown,3
四日市,酒田,849,42.5,Unknown,3
尻屋岬,酒田,210,10.5,Unknown,3
鹿島,酒田,578,28.9,Unknown,3
呉,金武湾,560.5,28,Unknown,3
佐賀関,金沢,430.7,21.5,Unknown,3
宇部,金沢,376.9,18.8,Unknown,3
横浜,釜石,342,17.1,Unknown,3
呉,釧路,993,49.7,Unknown,3
東播磨,釧路,893,44.7,Unknown,3
舞鶴,釧路,666,33.3,Unknown,3
酒田,釧路,379.5,19,Unknown,3
広島,長崎,267,13.4,Unknown,3
竹原,長崎,260,13,Unknown,3
岩国,阪南,178,8.9,Unknown,3
木更津,阪南,360,18,Unknown,3
阪南,須崎,211,10.6,Unknown,3
四日市,須崎,260,13,Unknown,3
大井川,須崎,391,19.6,Unknown,3
福井,須崎,520,26,Unknown,3
別府,高松,61,3.1,Unknown,3
和歌山下津,高松,62.3,3.1,Unknown,3
唐津,高知,265,13.3,Unknown,3
宮崎,高知,142,7.1,Unknown,3
細島,高知,135,6.8,Unknown,3
衣浦,高知,250,12.5,Unknown,3
三隅,鳥取,105,5.3,Unknown,3
別府,鳥取,440,22,Unknown,3
新潟,鵜殿,828,41.4,Unknown,3
長崎,鵜殿,464.3,23.2,Unknown,3
八戸,鹿児島,970,48.5,Unknown,3
名瀬,鹿児島,207,10.4,Unknown,3
坂出,鹿児島,334,16.7,Unknown,3
姫川,鹿児島,681,34.1,Unknown,3
志布志,鹿児島,91,4.6,Unknown,3
笠岡,鹿島,473,23.7,Unknown,3
阪南,鹿島,433,21.7,Unknown,3
大井川,むつ小川原,456,22.8,Unknown,3
尻屋岬,むつ小川原,38,1.9,Unknown,3
川崎,むつ小川原,451,22.6,Unknown,3
東京,むつ小川原,456,22.8,Unknown,3
沼津,むつ小川原,500,25,Unknown,3
久慈,七尾,458,22.9,Unknown,3
函館,七尾,342,17.1,Unknown,3
千葉,七尾,865,43.3,Unknown,3
志布志,三島川之江,246,12.3,Unknown,3
松山,三島川之江,58,2.9,Unknown,3
佐世保,三池,98,4.9,Unknown,3
四日市,三池,595.7,29.8,Unknown,3
東播磨,三河,245,12.3,Unknown,3
神戸,三河,239.8,12,Unknown,3
喜入,和歌山下津,331,16.6,Unknown,3
竹原,和歌山下津,120.5,6,Unknown,3
室蘭,下関,743.5,37.2,Unknown,3
宮崎,下関,258,12.9,Unknown,3
苅田,両津,508,25.4,Unknown,3
高松,中城湾,640,32,Unknown,3
函館,久慈,140,7,Unknown,3
三田尻中関,今治,90,4.5,Unknown,3
佐伯,今治,103,5.2,Unknown,3
博多,今治,185,9.3,Unknown,3
和歌山下津,今治,139,7,Unknown,3
苫小牧,伊万里,854,42.7,Unknown,3
敦賀,伏木富山,177,8.9,Unknown,3
今治,佐世保,220,11,Unknown,3
笠岡,佐世保,237,11.9,Unknown,3
鹿島,佐世保,742,37.1,Unknown,3
広島,佐伯,92,4.6,Unknown,3
東京,佐伯,476,23.8,Unknown,3
高松,佐伯,190,9.5,Unknown,3
丸亀,佐賀関,240,12,Unknown,3
佐賀関,八代,268,13.4,Unknown,3
宮崎,八代,251,12.6,Unknown,3
相生,八代,422,21.1,Unknown,3
久慈,八戸,40,2,Unknown,3
川内,八戸,134,6.7,Unknown,3
油津,内浦,451,22.6,Unknown,3
能代,内浦,668,33.4,Unknown,3
長崎,函館,813.7,40.7,Unknown,3
岩国,北九州,105,5.3,Unknown,3
多度津,十勝,848,42.4,Unknown,3
笠岡,十勝,974,48.7,Unknown,3
別府,千葉,373,18.7,Unknown,3
相生,千葉,399,20,Unknown,3
志布志,阪南,309.1,15.5,Unknown,3
堺泉北,阪南,7,0.4,Unknown,3
中城湾,博多,519,26,Unknown,3
加治木,博多,245,12.3,Unknown,3
長崎,博多,112,5.6,Unknown,3
厳原,名古屋,511,25.6,Unknown,3
尾道糸崎,名古屋,337,16.9,Unknown,3
阪南,名瀬,500.9,25,Unknown,3
津久見,名瀬,372,18.6,Unknown,3
志布志,呉,223,11.2,Unknown,3
三角,和歌山下津,459,23,Unknown,3
尾道糸崎,和歌山下津,113,5.7,Unknown,3
小名浜,四日市,322,16.1,Unknown,3
長崎,四日市,573,28.7,Unknown,3
相馬,坂出,558,27.9,Unknown,3
釧路,堺泉北,945.3,47.3,Unknown,3
大分,多度津,127,6.4,Unknown,3
長崎,多度津,315,15.8,Unknown,3
苫小牧,大井川,590,29.5,Unknown,3
三隅,大分,186,9.3,Unknown,3
久慈,大分,802,40.1,Unknown,3
函館,大分,779,39,Unknown,3
喜入,大分,223,11.2,Unknown,3
富岡,大分,237,11.9,Unknown,3
松浦,大分,143,7.2,Unknown,3
東播磨,肥前大島,262,13.1,Unknown,3
田子の浦,大竹,416,20.8,Unknown,3
姫川,大阪,700,35,Unknown,3
宇部,姫川,471,23.6,Unknown,3
尻屋岬,姫川,361,18.1,Unknown,3
直江津,姫川,21,1,Unknown,3
橘,宇和島,212,10.6,Unknown,3
細島,宇島,124,6.2,Unknown,3
津久見,宇部,75.1,3.8,Unknown,3
堺泉北,宮之浦,358,17.9,Unknown,3
伊万里,宮古,476,23.8,Unknown,3
坂出,宮古,762,38.1,Unknown,3
大分,宮古,409,20.5,Unknown,3
徳山下松,宮古,811,40.6,Unknown,3
今治,宮崎,180,9,Unknown,3
佐伯,宮崎,85,4.3,Unknown,3
横浜,宮崎,479,24,Unknown,3
佐世保,小名浜,842,42.1,Unknown,3
宮古,小名浜,190,9.5,Unknown,3
十勝,小樽,378,18.9,Unknown,3
石狩湾新,小樽,20,1,Unknown,3
八代,小野田,200,10,Unknown,3
福井,小野田,338,16.9,Unknown,3
横須賀,尼崎西宮芦屋,335,16.8,Unknown,3
橘,尼崎西宮芦屋,55,2.8,Unknown,3
留萌,尼崎西宮芦屋,1048,52.4,Unknown,3
青森,尼崎西宮芦屋,800,40,Unknown,3
坂出,尾道糸崎,43.7,2.2,Unknown,3
青森,尾道糸崎,832,41.6,Unknown,3
高松,尾道糸崎,50,2.5,Unknown,3
喜入,岩国,287,14.4,Unknown,3
平生,岩国,35,1.8,Unknown,3
別府,三島川之江,93,4.7,Unknown,3
松山,川内,309,15.5,Unknown,3
喜入,川崎,584,29.2,Unknown,3
横須賀,川崎,16.8,0.8,Unknown,3
細島,常滑,365,18.3,Unknown,3
今治,広島,30,1.5,Unknown,3
広島,広島,16,0.8,Unknown,3
笠岡,御前崎,330,16.5,Unknown,3
久慈,徳山下松,834,41.7,Unknown,3
新居浜,志布志,233,11.7,Unknown,3
尾道糸崎,志布志,238,11.9,Unknown,3
千葉,敦賀,881,44.1,Unknown,3
久慈,新宮,572.9,28.6,Unknown,3
伊万里,新宮,418,20.9,Unknown,3
石垣,新宮,892,44.6,Unknown,3
敦賀,新潟,238,11.9,Unknown,3
横浜,新潟,750,37.5,Unknown,3
直江津,新潟,72,3.6,Unknown,3
北九州,木更津,550,27.5,Unknown,3
橘,木更津,313.5,15.7,Unknown,3
釧路,木更津,601,30.1,Unknown,3
佐賀関,本部,479,24,Unknown,3
唐津,東予,196,9.8,Unknown,3
紋別,東予,1120,56,Unknown,3
函館,東京,546,27.3,Unknown,3
白老,東京,561,28.1,Unknown,3
坂出,松山,83,4.2,Unknown,3
相生,松島,300,15,Unknown,3
高知,松浦,281,14.1,Unknown,3
横須賀,津松阪,188.5,9.4,Unknown,3
福江,津松阪,600,30,Unknown,3
堺泉北,柳井,181,9.1,Unknown,3
宇部,柳井,63,3.2,Unknown,3
佐世保,横浜,653,32.7,Unknown,3
伏木富山,横浜,857,42.9,Unknown,3
白老,横浜,549.3,27.5,Unknown,3
尾道糸崎,横須賀,403.3,20.2,Unknown,3
高知,横須賀,365.8,18.3,Unknown,3
横浜,橘,320,16,Unknown,3
水島,橘,114.7,5.7,Unknown,3
苫小牧,橘,801,40.1,Unknown,3
喜入,水島,347,17.4,Unknown,3
木更津,沼津,122.5,6.1,Unknown,3
東京,沼津,125,6.3,Unknown,3
新潟,津久見,511,25.6,Unknown,3
直江津,津久見,544,27.2,Unknown,3
衣浦,津久見,327.5,16.4,Unknown,3
相生,木更津,229,11.5,Unknown,3
福江,木更津,600,30,Unknown,3
小野田,浜田,122,6.1,Unknown,3
姫川,清水,894,44.7,Unknown,3
油津,清水,453,22.7,Unknown,3
宮古,田子の浦,450,22.5,Unknown,3
木更津,田子の浦,118,5.9,Unknown,3
長崎,田子の浦,668,33.4,Unknown,3
苅田,留萌,828,41.4,Unknown,3
船川,白老,203.3,10.2,Unknown,3
青森,直江津,269,13.5,Unknown,3
坂出,相生,47.8,2.4,Unknown,3
多度津,相生,50,2.5,Unknown,3
横浜,相生,361,18.1,Unknown,3
鹿島,相馬,121.2,6.1,Unknown,3
坂出,石垣,762,38.1,Unknown,3
徳山下松,石垣,868,43.4,Unknown,3
四日市,石狩湾新,748,37.4,Unknown,3
新潟,石狩湾新,380,19,Unknown,3
秋田,石狩湾新,280,14,Unknown,3
平良,神戸,797,39.9,Unknown,3
宇島,福山,91,4.6,Unknown,3
新居浜,紋別,1223,61.2,Unknown,3
大分,舞鶴,369,18.5,Unknown,3
新居浜,舞鶴,439,22,Unknown,3
宮津,尼崎西宮芦屋,388.5,19.4,Unknown,3
久慈,苅田,732,36.6,Unknown,3
伏木富山,衣浦,890,44.5,Unknown,3
博多,詫間,224,11.2,Unknown,3
宿毛湾,詫間,224,11.2,Unknown,3
尼崎西宮芦屋,詫間,98.4,4.9,Unknown,3
宮古,赤穂,664,33.2,Unknown,3
横須賀,赤穂,364.3,18.2,Unknown,3
宇部,那覇,590.4,29.5,Unknown,3
小名浜,酒田,520,26,Unknown,3
四日市,釧路,735,36.8,Unknown,3
大井川,釧路,631,31.6,Unknown,3
姫川,釧路,436,21.8,Unknown,3
橘,釧路,828,41.4,Unknown,3
留萌,釧路,433.7,21.7,Unknown,3
紋別,釧路,250,12.5,Unknown,3
水島,長浜,96.7,4.8,Unknown,3
高松,長浜,106,5.3,Unknown,3
川崎,阪南,315,15.8,Unknown,3
長崎,阪南,380,19,Unknown,3
敦賀,青森,411,20.6,Unknown,3
横須賀,須崎,369.3,18.5,Unknown,3
能代,須崎,814,40.7,Unknown,3
苫小牧,須崎,852,42.6,Unknown,3
金武湾,須崎,507,25.4,Unknown,3
徳島小松島,高松,50,2.5,Unknown,3
横浜,高松,410,20.5,Unknown,3
沼津,高知,306,15.3,Unknown,3
四日市,鵜殿,110,5.5,Unknown,3
大阪,鵜殿,133.8,6.7,Unknown,3
川崎,鹿児島,602,30.1,Unknown,3
神戸,鹿児島,380,19,Unknown,3
横浜,鹿川,512,25.6,Unknown,3
留萌,七尾,507,25.4,Unknown,3
丸亀,長浜,920,46,Unknown,3
久慈,三池,1064,53.2,Unknown,3
名古屋,三河,44,2.2,Unknown,3
東予,三河,320,16,Unknown,3
横浜,三河,198.5,9.9,Unknown,3
姫路,三角,398,19.9,Unknown,3
尾道糸崎,徳山下松,90,4.5,Unknown,3
函館,和歌山下津,782,39.1,Unknown,3
広島,下関,109,5.5,Unknown,3
津久見,下関,102,5.1,Unknown,3
高松,下関,175,8.8,Unknown,3
大分,両津,594.7,29.7,Unknown,3
鹿島,中城湾,1018.5,50.9,Unknown,3
福山,中城湾,614,30.7,Unknown,3
呉,丸亀,75,3.8,Unknown,3
川崎,丸亀,414,20.7,Unknown,3
青森,丸亀,867,43.4,Unknown,3
姫川,今治,600,30,Unknown,3
相生,今治,90,4.5,Unknown,3
那覇,仙台塩釜,1074,53.7,Unknown,3
三池,伊万里,157,7.9,Unknown,3
志布志,伊万里,237,11.9,Unknown,3
姫路,佐世保,322,16.1,Unknown,3
堺泉北,佐伯,220,11,Unknown,3
新居浜,佐伯,121,6.1,Unknown,3
横須賀,佐伯,452.8,22.6,Unknown,3
広島,八代,369,18.5,Unknown,3
釧路,八代,1064,53.2,Unknown,3
横須賀,八戸,430,21.5,Unknown,3
笠岡,八戸,784,39.2,Unknown,3
むつ小川原,函館,80,4,Unknown,3
呉,函館,822,41.1,Unknown,3
姫川,函館,321,16.1,Unknown,3
清水,函館,578,28.9,Unknown,3
水島,加治木,354,17.7,Unknown,3
尼崎西宮芦屋,北九州,243,12.2,Unknown,3
姫川,十勝,454,22.7,Unknown,3
酒田,千葉,694,34.7,Unknown,3
石垣,博多,713,35.7,Unknown,3
釜石,博多,882,44.1,Unknown,3
宇部,名瀬,400,20,Unknown,3
神戸,名瀬,483,24.2,Unknown,3
東京,呉,456,22.8,Unknown,3
釜石,呉,795,39.8,Unknown,3
宇島,和歌山下津,274,13.7,Unknown,3
細島,和歌山下津,215,10.8,Unknown,3
四日市,唐津,492,24.6,Unknown,3
秋田,唐津,685,34.3,Unknown,3
須崎,坂出,235,11.8,Unknown,3
明石,堺泉北,23,1.2,Unknown,3
石狩湾新,堺泉北,1021,51.1,Unknown,3
むつ小川原,境,604,30.2,Unknown,3
四日市,境,654.3,32.7,Unknown,3
伏木富山,境,286,14.3,Unknown,3
今治,多度津,50,2.5,Unknown,3
大阪,大井川,255,12.8,Unknown,3
細島,大井川,382,19.1,Unknown,3
尾道糸崎,大井川,464,23.2,Unknown,3
秋田,大分,687,34.4,Unknown,3
船川,大分,699,35,Unknown,3
伊万里,肥前大島,227,11.4,Unknown,3
八代,大竹,306,15.3,Unknown,3
宮古,大船渡,65,3.3,Unknown,3
横須賀,大船渡,326,16.3,Unknown,3
三河,大阪,221.2,11.1,Unknown,3
橘,大阪,62,3.1,Unknown,3
佐伯,姫川,546,27.3,Unknown,3
小野田,姫川,472,23.6,Unknown,3
大井川,姫路,290,14.5,Unknown,3
宿毛湾,姫路,225,11.3,Unknown,3
相生,姫路,15,0.8,Unknown,3
網走,姫路,1110,55.5,Unknown,3
伊万里,宇部,117,5.9,Unknown,3
佐世保,宇野,310,15.5,Unknown,3
呉,宇野,90,4.5,Unknown,3
津久見,安芸津,240,12,Unknown,3
福山,安芸津,3,0.2,Unknown,3
相生,宮古,819,41,Unknown,3
唐津,宮崎,213,10.7,Unknown,3
鹿島,宮崎,573,28.7,Unknown,3
大阪,宿毛湾,222,11.1,Unknown,3
川崎,宿毛湾,441,22.1,Unknown,3
直江津,伏木富山,58,2.9,Unknown,3
岡山,富岡,60,3,Unknown,3
相生,富岡,80,4,Unknown,3
三池,小名浜,853,42.7,Unknown,3
大分,小名浜,597,29.9,Unknown,3
木更津,小名浜,196,9.8,Unknown,3
下関,徳島小松島,230,11.5,Unknown,3
川崎,小樽,743,37.2,Unknown,3
釧路,小樽,415,20.8,Unknown,3
唐津,小野田,76,3.8,Unknown,3
尻屋岬,尼崎西宮芦屋,776,38.8,Unknown,3
呉,尾道糸崎,42,2.1,Unknown,3
大阪,尾道糸崎,120,6,Unknown,3
津久見,尾鷲,278,13.9,Unknown,3
三島川之江,岩国,72,3.6,Unknown,3
東播磨,島原,413,20.7,Unknown,3
横浜,島原,693,34.7,Unknown,3
三池,三島川之江,372,18.6,Unknown,3
呉,三島川之江,63.7,3.2,Unknown,3
東予,川内,334,16.7,Unknown,3
赤穂,川内,415,20.8,Unknown,3
鹿島,川内,708,35.4,Unknown,3
徳山下松,常滑,421.4,21.1,Unknown,3
横須賀,徳山下松,492,24.6,Unknown,3
大竹,徳島小松島,205,10.3,Unknown,3
宇部,志布志,221,11.1,Unknown,3
徳島小松島,志布志,277,13.9,Unknown,3
舞鶴,東播磨,515,25.8,Unknown,3
堺泉北,敦賀,587,29.4,Unknown,3
むつ小川原,新宮,626,31.3,Unknown,3
川崎,新宮,250,12.5,Unknown,3
徳島小松島,新宮,100,5,Unknown,3
青森,新宮,723,36.2,Unknown,3
高松,新居浜,60,3,Unknown,3
阪南,新潟,768,38.4,Unknown,3
沼津,新潟,818,40.9,Unknown,3
能代,新潟,170,8.5,Unknown,3
高松,新潟,675,33.8,Unknown,3
堺泉北,日高,60,3,Unknown,3
大阪,日高,60,3,Unknown,3
久慈,木更津,377,18.9,Unknown,3
東予,本部,560,28,Unknown,3
福山,本部,602,30.1,Unknown,3
三角,東予,335,16.8,Unknown,3
加治木,東予,310,15.5,Unknown,3
宇野,東予,59,3,Unknown,3
鹿島,東予,526,26.3,Unknown,3
佐世保,東京,698,34.9,Unknown,3
新宮,東京,208,10.4,Unknown,3
熊本,松浦,175,8.8,Unknown,3
徳山下松,津松阪,378,18.9,Unknown,3
東京,津松阪,213,10.7,Unknown,3
水島,津松阪,281,14.1,Unknown,3
大船渡,柏崎,480,24,Unknown,3
長崎,柏崎,619,31,Unknown,3
平生,横浜,540,27,Unknown,3
清水,橘,253,12.7,Unknown,3
長崎,橘,401.7,20.1,Unknown,3
中津,水島,160,8,Unknown,3
沼津,水島,361.7,18.1,Unknown,3
直江津,油津,646,32.3,Unknown,3
細島,油津,61,3.1,Unknown,3
那覇,油津,381.9,19.1,Unknown,3
安芸津,堺泉北,140,7,Unknown,3
平生,津久見,55,2.8,Unknown,3
福山,津松阪,269,13.5,Unknown,3
宇野,木更津,280,14,Unknown,3
唐津,浜田,316,15.8,Unknown,3
大分,浜田,196,9.8,Unknown,3
秋田,浜田,494,24.7,Unknown,3
むつ小川原,清水,507,25.4,Unknown,3
博多,清水,512,25.6,Unknown,3
松山,清水,418,20.9,Unknown,3
高松,清水,330,16.5,Unknown,3
細島,熊本,267.2,13.4,Unknown,3
大井川,熊本,627,31.4,Unknown,3
船川,田子の浦,721,36.1,Unknown,3
須崎,田子の浦,554,27.7,Unknown,3
仙台塩釜,留萌,517,25.9,Unknown,3
田子の浦,留萌,818,40.9,Unknown,3
石狩湾新,留萌,53.9,2.7,Unknown,3
酒田,留萌,357,17.9,Unknown,3
秋田,白老,219,11,Unknown,3
笠岡,白老,923,46.2,Unknown,3
橘,直江津,690,34.5,Unknown,3
苫小牧,直江津,392.7,19.6,Unknown,3
尾道糸崎,相生,89,4.5,Unknown,3
姫川,相馬,600,30,Unknown,3
徳山下松,相馬,694.3,34.7,Unknown,3
丸亀,石狩湾新,1196,59.8,Unknown,3
平生,神戸,189.5,9.5,Unknown,3
四日市,福井,781,39.1,Unknown,3
佐賀関,福山,120,6,Unknown,3
大竹,福山,85,4.3,Unknown,3
岩国,福山,76,3.8,Unknown,3
内浦,秋田,314.3,15.7,Unknown,3
四日市,秋田,813.3,40.7,Unknown,3
徳山下松,秋田,668.3,33.4,Unknown,3
高松,秋田,805,40.3,Unknown,3
中津,笠岡,160,8,Unknown,3
横須賀,笠岡,418,20.9,Unknown,3
鹿島,米之津,722,36.1,Unknown,3
姫路,尾道糸崎,95,4.8,Unknown,3
姫川,紋別,603,30.2,Unknown,3
中城湾,細島,440,22,Unknown,3
長崎,細島,268.5,13.4,Unknown,3
須崎,細島,201,10.1,Unknown,3
室蘭,能代,172,8.6,Unknown,3
衣浦,能代,750,37.5,Unknown,3
鹿島,能代,475,23.8,Unknown,3
紋別,舞鶴,860,43,Unknown,3
直江津,船川,183,9.2,Unknown,3
三田尻中関,苅田,35,1.8,Unknown,3
中津,苅田,20,1,Unknown,3
宇島,苅田,14,0.7,Unknown,3
尻屋岬,苅田,759,38,Unknown,3
横須賀,苅田,512.5,25.6,Unknown,3
川内,苫小牧,990,49.5,Unknown,3
仙台塩釜,西之表,761.8,38.1,Unknown,3
八代,西之表,140,7,Unknown,3
須崎,西郷,220,11,Unknown,3
三河,詫間,299,15,Unknown,3
宇部,詫間,150,7.5,Unknown,3
津松阪,詫間,250,12.5,Unknown,3
伏木富山,赤穂,688,34.4,Unknown,3
徳山下松,那覇,554,27.7,Unknown,3
多度津,那覇,630,31.5,Unknown,3
長崎,酒田,670,33.5,Unknown,3
千葉,金武湾,847.5,42.4,Unknown,3
四日市,金武湾,751,37.6,Unknown,3
神戸,金武湾,662,33.1,Unknown,3
八戸,金沢,439,22,Unknown,3
多度津,金沢,499,25,Unknown,3
赤穂,金沢,560,28,Unknown,3
長浜,金沢,441.5,22.1,Unknown,3
高知,金沢,373,18.7,Unknown,3
水島,釜石,709,35.5,Unknown,3
久慈,釧路,209,10.5,Unknown,3
赤穂,長浜,130,6.5,Unknown,3
長崎,長浜,240,12,Unknown,3
千葉,青森,579,29,Unknown,3
岩国,須崎,190,9.5,Unknown,3
鹿児島,高松,337,16.9,Unknown,3
多度津,高知,214,10.7,Unknown,3
伊万里,鵜殿,453,22.7,Unknown,3
名古屋,鵜殿,116,5.8,Unknown,3
田子の浦,鵜殿,166,8.3,Unknown,3
阪南,鵜殿,134,6.7,Unknown,3